-- MySQL dump 10.13  Distrib 5.7.26, for Linux (x86_64)
--
-- Host: localhost    Database: TommyBot
-- ------------------------------------------------------
-- Server version	5.7.26-0ubuntu0.19.04.1

/*!40101 SET @OLD_CHARACTER_SET_CLIENT=@@CHARACTER_SET_CLIENT */;
/*!40101 SET @OLD_CHARACTER_SET_RESULTS=@@CHARACTER_SET_RESULTS */;
/*!40101 SET @OLD_COLLATION_CONNECTION=@@COLLATION_CONNECTION */;
/*!40101 SET NAMES utf8 */;
/*!40103 SET @OLD_TIME_ZONE=@@TIME_ZONE */;
/*!40103 SET TIME_ZONE='+00:00' */;
/*!40014 SET @OLD_UNIQUE_CHECKS=@@UNIQUE_CHECKS, UNIQUE_CHECKS=0 */;
/*!40014 SET @OLD_FOREIGN_KEY_CHECKS=@@FOREIGN_KEY_CHECKS, FOREIGN_KEY_CHECKS=0 */;
/*!40101 SET @OLD_SQL_MODE=@@SQL_MODE, SQL_MODE='NO_AUTO_VALUE_ON_ZERO' */;
/*!40111 SET @OLD_SQL_NOTES=@@SQL_NOTES, SQL_NOTES=0 */;

--
-- Table structure for table `ArtContest`
--

DROP TABLE IF EXISTS `ArtContest`;
/*!40101 SET @saved_cs_client     = @@character_set_client */;
/*!40101 SET character_set_client = utf8 */;
CREATE TABLE `ArtContest` (
  `User` bigint(20) NOT NULL,
  `DateSubmitted` int(11) NOT NULL,
  PRIMARY KEY (`User`),
  CONSTRAINT `ArtContest_ibfk_1` FOREIGN KEY (`User`) REFERENCES `Users` (`ID`) ON UPDATE CASCADE
) ENGINE=InnoDB DEFAULT CHARSET=utf8;
/*!40101 SET character_set_client = @saved_cs_client */;

--
-- Dumping data for table `ArtContest`
--

LOCK TABLES `ArtContest` WRITE;
/*!40000 ALTER TABLE `ArtContest` DISABLE KEYS */;
INSERT INTO `ArtContest` VALUES (318171583921258497,1559388777),(397578503328890881,1558766321),(468445530889125888,1559310938),(518979929019252742,1558877716);
/*!40000 ALTER TABLE `ArtContest` ENABLE KEYS */;
UNLOCK TABLES;

--
-- Table structure for table `ChannelCategories`
--

DROP TABLE IF EXISTS `ChannelCategories`;
/*!40101 SET @saved_cs_client     = @@character_set_client */;
/*!40101 SET character_set_client = utf8 */;
CREATE TABLE `ChannelCategories` (
  `ID` bigint(20) NOT NULL,
  `Name` varchar(30) NOT NULL,
  PRIMARY KEY (`ID`)
) ENGINE=InnoDB DEFAULT CHARSET=utf8;
/*!40101 SET character_set_client = @saved_cs_client */;

--
-- Dumping data for table `ChannelCategories`
--

LOCK TABLES `ChannelCategories` WRITE;
/*!40000 ALTER TABLE `ChannelCategories` DISABLE KEYS */;
INSERT INTO `ChannelCategories` VALUES (555580515491774488,'Important'),(555580515927851010,'Voice Channels'),(555580890927857664,'Main Chat'),(555581317371133962,'other stuff'),(555581435176681496,'staff'),(556298087727890442,'Social Media Feed');
/*!40000 ALTER TABLE `ChannelCategories` ENABLE KEYS */;
UNLOCK TABLES;

--
-- Table structure for table `Channels`
--

DROP TABLE IF EXISTS `Channels`;
/*!40101 SET @saved_cs_client     = @@character_set_client */;
/*!40101 SET character_set_client = utf8 */;
CREATE TABLE `Channels` (
  `ID` bigint(20) NOT NULL,
  `Name` varchar(40) NOT NULL,
  `Type` varchar(8) NOT NULL,
  `Category` bigint(20) DEFAULT NULL,
  PRIMARY KEY (`ID`),
  KEY `Category` (`Category`),
  CONSTRAINT `Channels_ibfk_1` FOREIGN KEY (`Category`) REFERENCES `ChannelCategories` (`ID`) ON UPDATE CASCADE
) ENGINE=InnoDB DEFAULT CHARSET=utf8;
/*!40101 SET character_set_client = @saved_cs_client */;

--
-- Dumping data for table `Channels`
--

LOCK TABLES `Channels` WRITE;
/*!40000 ALTER TABLE `Channels` DISABLE KEYS */;
INSERT INTO `Channels` VALUES (555580515927851008,'the-water','Text',555580890927857664),(555580515927851012,'General 1','Voice',555580515927851010),(555580990626725891,'rules','Text',555580515491774488),(555581004698615809,'announcements','Text',555580515491774488),(555581040580624395,'welcome','Text',555580515491774488),(555581079101374464,'the-six-o-clock','Text',555580890927857664),(555581110663512074,'off-topic','Text',555580890927857664),(555581151692193797,'bodybag','Text',555580890927857664),(555581255500955668,'suggestions','Text',555580890927857664),(555581344436977686,'memes-and-satisfaction','Text',555581317371133962),(555581355166007308,'music','Text',555581317371133962),(555581366205546498,'creations','Text',555581317371133962),(555581400414289935,'bot-commands','Text',555581317371133962),(555581504739213323,'dyno-logs','Text',555581435176681496),(555581579712528425,'disboard','Text',555581435176681496),(555581735182794763,'General 2','Voice',555580515927851010),(555581810608832512,'Music','Voice',555580515927851010),(555581828568711189,'Gaming','Voice',555580515927851010),(555581915319762954,'AFK','Voice',555580515927851010),(555594993264492564,'Staff','Voice',555580515927851010),(555595146151067669,'staff','Text',555581435176681496),(555595278363787274,'Loser VC','Voice',555580515927851010),(555605877160149013,'concert-chat','Text',555580890927857664),(555610264947523624,'roles','Text',555580515491774488),(555785387465900043,'admin','Text',555581435176681496),(556298180057235483,'reddit-feed','Text',556298087727890442),(556298669280985098,'youtube-feed','Text',556298087727890442),(556304268869763092,'polls','Text',555581317371133962),(556306623556091915,'polls-discussion','Text',555581317371133962),(556367773605953556,'grandson-extras','Text',555580890927857664),(556744022547234818,'daily-bon-voyage','Text',555580515491774488),(556748526906769409,'staff-guidelines','Text',555581435176681496),(556754181554307075,'vc-chat','Text',555580515927851010),(557065443387506698,'political-chat','Text',555581317371133962),(558838100881833985,'meep','Text',555580515927851010),(559478897083809816,'support-resources','Text',555581317371133962),(559481951007014932,'introductions','Text',555580890927857664),(559923772296003584,'toe-tag-announcements','Text',555580515491774488),(560224467335249920,'bot-testing','Text',555581435176681496),(560735458527805450,'wholesome','Text',555581317371133962),(561249591354458127,'staff-announcements','Text',555581435176681496),(562090131394134036,'gaming','Text',555581317371133962),(562204029929914379,'not-your-grandkids','Text',555580890927857664),(567171715717660713,'partnerships','Text',555580515491774488),(569243806340349955,'grandkid-zine','Text',555580515491774488),(569572060498755594,'audit-log','Text',555581435176681496);
/*!40000 ALTER TABLE `Channels` ENABLE KEYS */;
UNLOCK TABLES;

--
-- Table structure for table `Credits`
--

DROP TABLE IF EXISTS `Credits`;
/*!40101 SET @saved_cs_client     = @@character_set_client */;
/*!40101 SET character_set_client = utf8 */;
CREATE TABLE `Credits` (
  `User` bigint(20) NOT NULL,
  `Credits` bigint(20) unsigned NOT NULL DEFAULT '2000',
  PRIMARY KEY (`User`),
  CONSTRAINT `Credits_ibfk_1` FOREIGN KEY (`User`) REFERENCES `Users` (`ID`) ON UPDATE CASCADE
) ENGINE=InnoDB DEFAULT CHARSET=utf8;
/*!40101 SET character_set_client = @saved_cs_client */;

--
-- Dumping data for table `Credits`
--

LOCK TABLES `Credits` WRITE;
/*!40000 ALTER TABLE `Credits` DISABLE KEYS */;
INSERT INTO `Credits` VALUES (96829952569126912,3201),(98206330292031488,2000),(105133973193170944,2000),(107937430006448128,2000),(109040563763851264,2000),(125242316850987008,2761),(140214093347815424,2000),(148628725808758784,3001),(149204830198562816,2000),(158742089016803328,2000),(164377789422764032,3000),(164382217362079745,3000),(165529707033395200,3000),(171314372591878145,2000),(177767850369482753,4201),(186860876299501568,2003),(187579345802362883,2000),(187580928619577344,2000),(190904446983602176,2000),(191969728275677184,2000),(192878484048183296,2000),(193782613775745024,2000),(194547784425275402,2000),(195034201693618176,2000),(195135270776078336,2000),(199590602742956032,2000),(199656147597262848,2000),(202517934520795137,3000),(203424239989161984,2200),(206636733045932032,2000),(207129652345438211,18016),(207663993232293888,3000),(208448533185953793,2000),(212541672356052992,2000),(216427116357484544,439),(219170554337296384,3427),(227165582712111114,2206),(228863987565985793,2000),(231109389325434881,3000),(236274686470651914,4828),(237024673706147841,2000),(237056655345319936,2000),(241519251322699776,2201),(243455253972910081,2000),(245591830501130251,2000),(247850809415565314,3000),(249527749935497216,2000),(249857654346743808,3000),(250036341096579072,2000),(252924485324242944,2000),(253014331590049802,2000),(259494311702298625,2000),(261184776462008330,2000),(266785474465628161,3406),(267380779175247872,2000),(268620321651818497,4227),(269938061591183361,2001),(271489938522898442,2003),(272446914937487370,2600),(274949825408008192,2000),(275062236043542528,2001),(276428568169414656,4242),(280080221619879937,2000),(282457235584450573,2000),(283672591850274827,2000),(284980486101663746,2000),(286287873186201600,2000),(286313967935160323,2000),(286611574783868928,2000),(289212697168314368,2000),(291374444339920896,2000),(291645365281751043,3811),(293076213554216961,2000),(293962242762735616,2000),(294390445612466177,2011),(294950852970414100,2000),(295713419321933825,2611),(297126376023261185,14592),(298601320003141636,2000),(298903789971177483,2000),(298927660602490883,2000),(300411443977650176,2000),(302818457378881537,2000),(304404547236003840,2000),(308335820136513547,2000),(309372560984899595,2000),(309424678110494721,2000),(309803073604157441,2000),(311822799717269514,2000),(318171583921258497,15483),(318177191252983808,2000),(319857380630462475,2000),(320841917296410625,2001),(323440810354016256,2000),(326190263292657675,2000),(326905556432322561,2000),(327300659890225163,2000),(327680477291085826,2000),(329374663119601665,2000),(332518502072320004,2000),(333284641903607841,2000),(334465588032307201,2003),(337275956379123713,2000),(339053375767183362,2400),(339146339076145153,2000),(341242586213908491,3858),(342089028335828992,2001),(343467988474658818,2000),(343846821933744130,2000),(346009754767982592,2000),(346010830455701505,2000),(350692653609779201,2000),(351054323649740800,2000),(351083197355917313,3006),(353645156726996994,2000),(353649390881079299,2000),(355124787963494432,3000),(356739517375315968,2206),(357209207361110027,3000),(357209598371037185,3000),(360536448845217792,2000),(361737805669335040,2000),(363700447904661514,2001),(366597657394937866,2000),(370633114273185792,2000),(370928619955945483,3000),(371311787984945172,3003),(371321984115671042,2000),(372261002785325057,2000),(375963012982374401,2000),(376005543048904716,6603),(378445441651703815,2000),(380186498416377856,3227),(380460094720311306,5806),(384104234762764288,2000),(384518864194764802,2000),(388541017353224193,5011),(388629366592110592,2000),(389136633884049409,2000),(389855503989342208,3000),(390256598368387072,2000),(390536464036921366,3201),(393194962990137368,2000),(393402568136589322,1454),(393823572616937472,2000),(395680413034610688,3000),(396337985647280140,2000),(397578503328890881,9958),(398149816510578690,3000),(399336275825393676,2000),(399477530173898752,3000),(399712222286184449,2000),(401913653428879360,2001),(402805535943950336,2000),(403397074164514817,2000),(404111263577145355,2003),(406155979068276736,2000),(406761142665347074,2200),(407246954901536779,2000),(407269626293256192,9349),(407367385155371028,2000),(408485317264277507,2000),(409392899680108546,2000),(410811385136807936,2054),(411943370265591828,2000),(412018961438212117,2001),(413754421365964800,2000),(414662098098847745,2000),(415915653233377281,2000),(417756402627641357,4211),(417784505856688137,3000),(417792818950569984,2000),(418403101427367939,2000),(421065156789927947,2000),(423963512398675988,2500),(425716878757855233,2000),(426838955741413379,3000),(426898208548192276,2000),(432437874785386508,2000),(433115467809292297,2000),(434808409754435585,3000),(436218814934548490,2000),(437461391025242113,2000),(437707968419594241,2000),(438050709015887884,2000),(438327226413481985,2400),(439246774775840790,2000),(439497313074020362,2000),(439883898416267274,2000),(440113725970710528,2601),(440872640022970368,2000),(440982545186684928,2000),(441278872684593152,2000),(450267784803385355,2000),(451562822896320514,2001),(452255492077780994,2000),(452475175250821170,2000),(452575788324356108,2000),(452639738789363712,3000),(452984509579657247,3000),(455093847945379850,2000),(456784485992628225,3000),(457351349823209474,2000),(457670368271007754,2001),(458009660121808896,2000),(459787791417475072,2001),(461353394012160000,3036),(463170307386114058,2000),(463914007925882882,2003),(464691937920679937,4210),(465331443799949336,2000),(465749080803508226,2000),(465853734123995136,3544),(467259831330275328,2000),(467800640303661081,2000),(468445530889125888,39),(469256632677957642,10733),(469871029687156747,2000),(470137965222559785,3000),(470774459721187329,2000),(471256877963935744,2000),(472341300071628810,2000),(480832011637096450,2000),(483755978177773571,2400),(484024569230000128,2000),(486567094725378070,2200),(486938126850326548,2000),(487023252892286986,2000),(490635089731125250,2000),(492420711227457546,2000),(492828215220502530,3000),(493209001656451074,2000),(493945565097492480,2000),(495334453133180942,2000),(496119643300298753,3000),(496694681804079138,2000),(498851479646502915,2000),(499674934109536277,947),(500705228933562368,2003),(502561123015589898,2000),(507501776195289089,3000),(507787558567280640,2000),(507957811976863785,2000),(507999708749496320,3000),(508319179791925278,2000),(508435635132956693,2000),(510261667653746691,2400),(510676122409893891,2000),(512596621331005443,2000),(513029578151690250,2000),(515640349947985923,2000),(516380080189079552,2001),(518168040404156447,2003),(518209980558737424,2000),(518914130808274950,2000),(518979929019252742,5183),(519434988714721291,2000),(520043553033027598,2000),(522500469537636357,2003),(522933188939743233,2000),(523321184427966484,2001),(527522210953297932,3000),(528407518779539486,2000),(530221936542875650,3000),(530740044835586058,2000),(533077324955123713,2000),(533820595507560449,2000),(533848106442162188,2000),(534869627344257064,2000),(535197270165946380,2000),(537041606872793109,2000),(540250555793276958,3003),(542819781854887946,2000),(544944128853540892,2000),(545099585945600000,2000),(546372774772604960,2000),(547490020924325890,2000),(547880877426737152,2000),(548304716866781204,2000),(552637636020404224,2001),(554038476274925578,2000),(554511718282297344,3000),(555330436763484162,2000),(555573031544684546,3000),(556639291149647872,2000),(559110374281183244,8818),(559111038151163915,3000),(560900836264509441,3000),(561601906250874881,2000),(562267868197027840,3000),(565612152426332173,2000),(565888805173985280,2000),(566828472824234014,3000),(567914494093688847,2000),(568113868531040272,2000),(569920833389330452,2000),(571781551445246002,2000),(573071735545397258,2000),(573505209582747658,2000),(577302328835702795,2000),(578192467044859914,2000),(579246671121350668,2000),(583165779181174786,2000),(583723198521278494,2000),(587137097257713673,2000),(587766381702021120,2000),(589204003615801377,2000),(590087880160837643,2000),(590697591549984799,2000),(591496826453098519,2000),(591718427085897738,2000),(592726221733756958,2000),(593031053313179670,2000),(593143295841140746,2000),(596526003397066752,2400),(596864919337697280,2000),(597536017175543840,2000),(597827846139805726,3403),(597852288001769491,2000),(597931595437178919,2000),(598534309602787360,2000),(598627506886803479,2000),(599933472634830897,2000),(600080682328522781,2000),(600624798514675744,2000),(601090272075710473,2000),(601161928810692618,2000),(602559265206566922,2000),(602750612353843221,2000),(609819989951643651,2000),(610183004744318982,2000),(611325120631406612,2000),(611421726114578441,2000),(611896071395737642,2000),(613371332431839265,2001),(616060705816444958,2200),(617854785269530655,2000),(619586602133487655,2000),(622202007218028556,2000),(624273030398476327,617),(624750566240813066,2000),(627081819728248853,2000),(627661241409601540,2000),(629283099154317332,2000),(632185177941999636,2000),(632731498663116810,2000),(633371029602959360,2403),(635000818591858710,2000),(635261993619685389,2000),(637345431780589598,2000),(639846972320251905,2000),(640300531516178433,2801),(642568559591030784,2000),(646056082166251533,2000),(647407433349857290,2000),(653364293156470834,2000),(658910783329009714,2000),(659147154484363265,2000),(661300707613343774,2000),(663753721313886218,2000),(670429338897874976,2000),(670751911166738475,2200),(675082368096272385,2000);
/*!40000 ALTER TABLE `Credits` ENABLE KEYS */;
UNLOCK TABLES;

--
-- Table structure for table `Dailies`
--

DROP TABLE IF EXISTS `Dailies`;
/*!40101 SET @saved_cs_client     = @@character_set_client */;
/*!40101 SET character_set_client = utf8 */;
CREATE TABLE `Dailies` (
  `User` bigint(20) NOT NULL,
  `DailyUses` bigint(20) NOT NULL DEFAULT '0',
  `LastDaily` bigint(20) NOT NULL DEFAULT '0',
  PRIMARY KEY (`User`),
  CONSTRAINT `Dailies_ibfk_1` FOREIGN KEY (`User`) REFERENCES `Users` (`ID`) ON UPDATE CASCADE
) ENGINE=InnoDB DEFAULT CHARSET=utf8;
/*!40101 SET character_set_client = @saved_cs_client */;

--
-- Dumping data for table `Dailies`
--

LOCK TABLES `Dailies` WRITE;
/*!40000 ALTER TABLE `Dailies` DISABLE KEYS */;
INSERT INTO `Dailies` VALUES (96829952569126912,6,1561671582),(98206330292031488,0,0),(105133973193170944,0,0),(107937430006448128,0,0),(109040563763851264,0,0),(125242316850987008,5,1576970934),(140214093347815424,0,0),(148628725808758784,0,0),(149204830198562816,0,0),(158742089016803328,0,0),(164377789422764032,0,0),(164382217362079745,0,0),(165529707033395200,0,0),(171314372591878145,0,0),(177767850369482753,11,1580535164),(186860876299501568,0,0),(187579345802362883,0,0),(187580928619577344,0,0),(190904446983602176,0,0),(191969728275677184,0,0),(192878484048183296,0,0),(193782613775745024,0,0),(194547784425275402,0,0),(195034201693618176,0,0),(195135270776078336,0,0),(199590602742956032,0,0),(199656147597262848,0,0),(202517934520795137,0,0),(203424239989161984,1,1575873899),(206636733045932032,0,0),(207129652345438211,131,1577584513),(207663993232293888,0,0),(208448533185953793,0,0),(212541672356052992,0,0),(216427116357484544,17,1576323303),(219170554337296384,7,1572452856),(227165582712111114,1,1562688136),(228863987565985793,0,0),(231109389325434881,0,0),(236274686470651914,14,1566738293),(237024673706147841,0,0),(237056655345319936,0,0),(241519251322699776,1,1574812788),(243455253972910081,0,0),(245591830501130251,0,0),(247850809415565314,0,0),(249527749935497216,0,0),(249857654346743808,0,0),(250036341096579072,0,0),(252924485324242944,0,0),(253014331590049802,0,0),(259494311702298625,0,0),(261184776462008330,0,0),(266785474465628161,2,1568348851),(267380779175247872,0,0),(268620321651818497,11,1576724128),(269938061591183361,0,0),(271489938522898442,0,0),(272446914937487370,3,1568437408),(274949825408008192,0,0),(275062236043542528,0,0),(276428568169414656,11,1560724980),(280080221619879937,0,0),(282457235584450573,0,0),(283672591850274827,0,0),(284980486101663746,0,0),(286287873186201600,0,0),(286313967935160323,0,0),(286611574783868928,0,0),(289212697168314368,0,0),(291374444339920896,0,0),(291645365281751043,9,1568729979),(293076213554216961,0,0),(293962242762735616,0,0),(294390445612466177,0,0),(294950852970414100,0,0),(295713419321933825,3,1565118297),(297126376023261185,82,1581208451),(298601320003141636,0,0),(298903789971177483,0,0),(298927660602490883,0,0),(300411443977650176,0,0),(302818457378881537,0,0),(304404547236003840,0,0),(308335820136513547,0,0),(309372560984899595,0,0),(309424678110494721,0,0),(309803073604157441,0,0),(311822799717269514,0,0),(318171583921258497,99,1571051407),(318177191252983808,0,0),(319857380630462475,0,0),(320841917296410625,0,0),(323440810354016256,0,0),(326190263292657675,0,0),(326905556432322561,0,0),(327300659890225163,0,0),(327680477291085826,0,0),(329374663119601665,0,0),(332518502072320004,0,0),(333284641903607841,0,0),(334465588032307201,0,0),(337275956379123713,0,0),(339053375767183362,2,1576768967),(339146339076145153,0,0),(341242586213908491,4,1560905951),(342089028335828992,0,0),(343467988474658818,0,0),(343846821933744130,0,0),(346009754767982592,0,0),(346010830455701505,0,0),(350692653609779201,0,0),(351054323649740800,0,0),(351083197355917313,5,1579151269),(353645156726996994,0,0),(353649390881079299,0,0),(355124787963494432,0,0),(356739517375315968,1,1566490543),(357209207361110027,0,0),(357209598371037185,0,0),(360536448845217792,0,0),(361737805669335040,0,0),(363700447904661514,0,0),(366597657394937866,0,0),(370633114273185792,0,0),(370928619955945483,0,0),(371311787984945172,0,0),(371321984115671042,0,0),(372261002785325057,0,0),(375963012982374401,0,0),(376005543048904716,23,1562187946),(378445441651703815,0,0),(380186498416377856,2,1561139920),(380460094720311306,19,1567538517),(384104234762764288,0,0),(384518864194764802,0,0),(388541017353224193,15,1578595327),(388629366592110592,0,0),(389136633884049409,0,0),(389855503989342208,0,0),(390256598368387072,0,0),(390536464036921366,3,1559325722),(393194962990137368,0,0),(393402568136589322,22,1581119039),(393823572616937472,0,0),(395680413034610688,0,0),(396337985647280140,0,0),(397578503328890881,178,1581328989),(398149816510578690,0,0),(399336275825393676,0,0),(399477530173898752,0,0),(399712222286184449,0,0),(401913653428879360,0,0),(402805535943950336,0,0),(403397074164514817,0,0),(404111263577145355,0,0),(406155979068276736,0,0),(406761142665347074,1,1564049225),(407246954901536779,0,0),(407269626293256192,33,1570209138),(407367385155371028,0,0),(408485317264277507,0,0),(409392899680108546,0,0),(410811385136807936,0,0),(411943370265591828,0,0),(412018961438212117,0,0),(413754421365964800,0,0),(414662098098847745,0,0),(415915653233377281,0,0),(417756402627641357,11,1571933446),(417784505856688137,0,0),(417792818950569984,0,0),(418403101427367939,0,0),(421065156789927947,0,0),(423963512398675988,0,0),(425716878757855233,0,0),(426838955741413379,0,0),(426898208548192276,0,0),(432437874785386508,0,0),(433115467809292297,0,0),(434808409754435585,0,0),(436218814934548490,0,0),(437461391025242113,0,0),(437707968419594241,0,0),(438050709015887884,0,0),(438327226413481985,2,1576035623),(439246774775840790,0,0),(439497313074020362,0,0),(439883898416267274,0,0),(440113725970710528,3,1565708388),(440872640022970368,0,0),(440982545186684928,0,0),(441278872684593152,0,0),(450267784803385355,0,0),(451562822896320514,0,0),(452255492077780994,0,0),(452475175250821170,0,0),(452575788324356108,0,0),(452639738789363712,0,0),(452984509579657247,0,0),(455093847945379850,0,0),(456784485992628225,0,0),(457351349823209474,0,0),(457670368271007754,0,0),(458009660121808896,0,0),(459787791417475072,0,0),(461353394012160000,0,0),(463170307386114058,0,0),(463914007925882882,0,0),(464691937920679937,202,1581180693),(465331443799949336,0,0),(465749080803508226,0,0),(465853734123995136,3,1572457192),(467259831330275328,0,0),(467800640303661081,0,0),(468445530889125888,61,1572447926),(469256632677957642,116,1577594904),(469871029687156747,0,0),(470137965222559785,0,0),(470774459721187329,0,0),(471256877963935744,0,0),(472341300071628810,0,0),(480832011637096450,0,0),(483755978177773571,2,1579221015),(484024569230000128,0,0),(486567094725378070,1,1579613958),(486938126850326548,0,0),(487023252892286986,0,0),(490635089731125250,0,0),(492420711227457546,0,0),(492828215220502530,0,0),(493209001656451074,0,0),(493945565097492480,0,0),(495334453133180942,0,0),(496119643300298753,0,0),(496694681804079138,0,0),(498851479646502915,0,0),(499674934109536277,92,1581322086),(500705228933562368,0,0),(502561123015589898,0,0),(507501776195289089,0,0),(507787558567280640,0,0),(507957811976863785,0,0),(507999708749496320,0,0),(508319179791925278,0,0),(508435635132956693,0,0),(510261667653746691,2,1576554687),(510676122409893891,0,0),(512596621331005443,0,0),(513029578151690250,0,0),(515640349947985923,0,0),(516380080189079552,0,0),(518168040404156447,0,0),(518209980558737424,0,0),(518914130808274950,0,0),(518979929019252742,95,1573733857),(519434988714721291,0,0),(520043553033027598,0,0),(522500469537636357,0,0),(522933188939743233,0,0),(523321184427966484,0,0),(527522210953297932,0,0),(528407518779539486,0,0),(530221936542875650,0,0),(530740044835586058,0,0),(533077324955123713,0,0),(533820595507560449,0,0),(533848106442162188,0,0),(534869627344257064,0,0),(535197270165946380,0,0),(537041606872793109,0,0),(540250555793276958,1,1557108855),(542819781854887946,0,0),(544944128853540892,0,0),(545099585945600000,0,0),(546372774772604960,0,0),(547490020924325890,0,0),(547880877426737152,0,0),(548304716866781204,0,0),(552637636020404224,0,0),(554038476274925578,0,0),(554511718282297344,0,0),(555330436763484162,0,0),(555573031544684546,0,0),(556639291149647872,0,0),(559110374281183244,29,1580792128),(559111038151163915,0,0),(560900836264509441,0,0),(561601906250874881,0,0),(562267868197027840,0,0),(565612152426332173,0,0),(565888805173985280,0,0),(566828472824234014,0,0),(567914494093688847,0,0),(568113868531040272,0,0),(569920833389330452,0,0),(571781551445246002,0,0),(573071735545397258,0,0),(573505209582747658,0,0),(577302328835702795,0,0),(578192467044859914,0,0),(579246671121350668,0,0),(583165779181174786,0,0),(583723198521278494,0,0),(587137097257713673,0,0),(587766381702021120,0,0),(589204003615801377,0,0),(590087880160837643,0,0),(590697591549984799,0,0),(591496826453098519,0,0),(591718427085897738,0,0),(592726221733756958,0,0),(593031053313179670,0,0),(593143295841140746,0,0),(596526003397066752,2,1576015503),(596864919337697280,0,0),(597536017175543840,0,0),(597827846139805726,7,1563413557),(597852288001769491,0,0),(597931595437178919,0,0),(598534309602787360,0,0),(598627506886803479,0,0),(599933472634830897,0,0),(600080682328522781,0,0),(600624798514675744,0,0),(601090272075710473,0,0),(601161928810692618,0,0),(602559265206566922,0,0),(602750612353843221,0,0),(609819989951643651,0,0),(610183004744318982,0,0),(611325120631406612,0,0),(611421726114578441,0,0),(611896071395737642,0,0),(613371332431839265,0,0),(616060705816444958,1,1575818267),(617854785269530655,0,0),(619586602133487655,0,0),(622202007218028556,0,0),(624273030398476327,68,1581026934),(624750566240813066,0,0),(627081819728248853,0,0),(627661241409601540,0,0),(629283099154317332,0,0),(632185177941999636,0,0),(632731498663116810,0,0),(633371029602959360,2,1577700322),(635000818591858710,0,0),(635261993619685389,0,0),(637345431780589598,0,0),(639846972320251905,0,0),(640300531516178433,4,1576477850),(642568559591030784,0,0),(646056082166251533,0,0),(647407433349857290,0,0),(653364293156470834,0,0),(658910783329009714,0,0),(659147154484363265,0,0),(661300707613343774,0,0),(663753721313886218,0,0),(670429338897874976,0,0),(670751911166738475,1,1581018069),(675082368096272385,0,0);
/*!40000 ALTER TABLE `Dailies` ENABLE KEYS */;
UNLOCK TABLES;

--
-- Table structure for table `FM`
--

DROP TABLE IF EXISTS `FM`;
/*!40101 SET @saved_cs_client     = @@character_set_client */;
/*!40101 SET character_set_client = utf8 */;
CREATE TABLE `FM` (
  `User` bigint(20) NOT NULL,
  `LastFMUsername` varchar(100) NOT NULL,
  `LastUpdated` bigint(20) NOT NULL,
  PRIMARY KEY (`User`),
  CONSTRAINT `FM_ibfk_1` FOREIGN KEY (`User`) REFERENCES `Users` (`ID`) ON UPDATE CASCADE
) ENGINE=InnoDB DEFAULT CHARSET=utf8;
/*!40101 SET character_set_client = @saved_cs_client */;

--
-- Dumping data for table `FM`
--

LOCK TABLES `FM` WRITE;
/*!40000 ALTER TABLE `FM` DISABLE KEYS */;
INSERT INTO `FM` VALUES (125242316850987008,'Japy_',1556171210),(207129652345438211,'x2110311x',1572621636),(216427116357484544,'citadelsys',1570080014),(236274686470651914,'KittyKate10778',1556046765),(260560402432131073,'himbos',1561447849),(266785474465628161,'aidenvesi',1568348817),(271489938522898442,'ll_friedrice',1555948474),(291645365281751043,'vilkkuwho',1568350339),(297126376023261185,'Its_Gia',1577299117),(318171583921258497,'dhehe',1572622018),(326905556432322561,'moosedamatt03',1576385353),(341242586213908491,'Just1n101',1556678384),(347908451323740169,'chorine twenty one pilots',1568511246),(351083197355917313,'muusilinko',1580746761),(356739517375315968,'Andy',1566401465),(363010782495244299,'xavishadow',1561200083),(371311787984945172,'YangelToribio',1565322732),(380460094720311306,'admackey24',1565981144),(388541017353224193,'indiebluess',1576785187),(393402568136589322,'FancyTaco',1576871471),(395809497433636866,'emmacremeans',1565581373),(397578503328890881,'kanyani',1560124699),(407269626293256192,'CHA2303',1555945197),(435466459528036353,'elmo_alma',1567375298),(459787791417475072,'BoopBeepPoop',1568564837),(464691937920679937,'noitui',1566462514),(465853734123995136,'wormy_',1559304652),(484169638578618378,'frankcastlestan',1555979226),(500705228933562368,'s1xwtxwn',1569031639),(501870233280315392,'mblloog',1555894338),(518908307633864734,'Cloud__',1573144483),(518979929019252742,'jadeorionis',1572621878),(533392891133820928,'chippy_boi',1574462576),(540250555793276958,'Loudawg_11',1557086401),(552637636020404224,'eggdog',1573456822),(559110374281183244,'tandra88',1569682526),(613119657632727052,'mblloog',1566754344),(623560479532515425,'mblloog',1568821772),(633371029602959360,'أحبك',1576852704);
/*!40000 ALTER TABLE `FM` ENABLE KEYS */;
UNLOCK TABLES;

--
-- Table structure for table `Golds`
--

DROP TABLE IF EXISTS `Golds`;
/*!40101 SET @saved_cs_client     = @@character_set_client */;
/*!40101 SET character_set_client = utf8 */;
CREATE TABLE `Golds` (
  `User` bigint(20) NOT NULL,
  `TimeGiven` bigint(20) NOT NULL,
  `GivenBy` bigint(20) NOT NULL,
  `GoldID` bigint(20) NOT NULL AUTO_INCREMENT,
  PRIMARY KEY (`GoldID`),
  KEY `User` (`User`),
  KEY `GivenBy` (`GivenBy`),
  CONSTRAINT `Golds_ibfk_1` FOREIGN KEY (`User`) REFERENCES `Users` (`ID`) ON UPDATE CASCADE,
  CONSTRAINT `Golds_ibfk_2` FOREIGN KEY (`GivenBy`) REFERENCES `Users` (`ID`) ON UPDATE CASCADE
) ENGINE=InnoDB AUTO_INCREMENT=27 DEFAULT CHARSET=utf8;
/*!40101 SET character_set_client = @saved_cs_client */;

--
-- Dumping data for table `Golds`
--

LOCK TABLES `Golds` WRITE;
/*!40000 ALTER TABLE `Golds` DISABLE KEYS */;
INSERT INTO `Golds` VALUES (318171583921258497,1559489230,518979929019252742,1),(318171583921258497,1559497589,207129652345438211,2),(518979929019252742,1559505861,207129652345438211,3),(465853734123995136,1560411258,397578503328890881,4),(339146339076145153,1560559673,207129652345438211,5),(339146339076145153,1560559801,207129652345438211,6),(339146339076145153,1560560586,207129652345438211,7),(339146339076145153,1560560791,207129652345438211,8),(397578503328890881,1562087844,501870233280315392,9),(397578503328890881,1562205657,125242316850987008,10),(397578503328890881,1565423745,501870233280315392,11),(318171583921258497,1565617798,518979929019252742,12),(260560402432131073,1567619214,518979929019252742,13),(613119657632727052,1568269954,207129652345438211,14),(207129652345438211,1568413524,318171583921258497,15),(318171583921258497,1568413977,613119657632727052,16),(318171583921258497,1568413984,518979929019252742,17),(623560479532515425,1568921324,207129652345438211,18),(518979929019252742,1569093580,623560479532515425,19),(297126376023261185,1570826176,518979929019252742,20),(397578503328890881,1570827681,518979929019252742,21),(219170554337296384,1570987613,518979929019252742,22),(297126376023261185,1573892950,518979929019252742,23),(148628725808758784,1575354954,518979929019252742,24),(125242316850987008,1575843286,271489938522898442,25),(376005543048904716,1576829197,518979929019252742,26);
/*!40000 ALTER TABLE `Golds` ENABLE KEYS */;
UNLOCK TABLES;

--
-- Table structure for table `Levels`
--

DROP TABLE IF EXISTS `Levels`;
/*!40101 SET @saved_cs_client     = @@character_set_client */;
/*!40101 SET character_set_client = utf8 */;
CREATE TABLE `Levels` (
  `User` bigint(20) NOT NULL,
  `Level` bigint(20) NOT NULL DEFAULT '0',
  `Points` bigint(20) NOT NULL DEFAULT '0',
  `MonthLevel` bigint(20) NOT NULL DEFAULT '0',
  `MonthPoints` bigint(20) NOT NULL DEFAULT '0',
  `NextPoint` bigint(20) DEFAULT '0',
  PRIMARY KEY (`User`),
  CONSTRAINT `Levels_ibfk_1` FOREIGN KEY (`User`) REFERENCES `Users` (`ID`) ON UPDATE CASCADE
) ENGINE=InnoDB DEFAULT CHARSET=utf8;
/*!40101 SET character_set_client = @saved_cs_client */;

--
-- Dumping data for table `Levels`
--

LOCK TABLES `Levels` WRITE;
/*!40000 ALTER TABLE `Levels` DISABLE KEYS */;
INSERT INTO `Levels` VALUES (96829952569126912,1,18,0,0,1567836631),(98206330292031488,0,0,0,0,0),(105133973193170944,0,0,0,0,0),(107937430006448128,0,0,0,0,0),(109040563763851264,0,3,0,0,1562608252),(125242316850987008,31,4074,12,725,1581356946),(140214093347815424,0,0,0,0,0),(148628725808758784,1,14,0,8,1575355422),(149204830198562816,0,1,0,0,1562771236),(158742089016803328,0,3,0,0,1570899378),(164377789422764032,0,4,0,0,1561062665),(164382217362079745,0,0,0,0,0),(165529707033395200,0,1,0,0,1555901407),(171314372591878145,0,0,0,0,0),(177767850369482753,1,15,1,15,1580535194),(186860876299501568,2,43,1,15,1581115371),(187579345802362883,0,0,0,0,0),(187580928619577344,0,0,0,0,0),(190904446983602176,0,0,0,0,0),(191969728275677184,0,0,0,0,0),(192878484048183296,0,0,0,0,0),(193782613775745024,0,0,0,0,0),(194547784425275402,0,0,0,0,0),(195034201693618176,0,2,0,0,1563840602),(195135270776078336,0,0,0,0,0),(199590602742956032,0,0,0,0,0),(199656147597262848,0,0,0,0,0),(202517934520795137,1,25,0,0,1568414562),(203424239989161984,0,6,0,6,1575877129),(206636733045932032,0,1,0,0,1569952253),(207129652345438211,40,6724,6,192,1581356646),(207663993232293888,0,1,0,0,1567533243),(208448533185953793,0,0,0,0,0),(212541672356052992,0,1,0,1,1580246314),(216427116357484544,7,249,3,81,1579670061),(219170554337296384,6,217,5,144,1581324945),(227165582712111114,3,56,0,3,1581063772),(228863987565985793,0,0,0,0,0),(231109389325434881,0,0,0,0,0),(236274686470651914,7,252,0,7,1581038602),(237024673706147841,0,0,0,0,0),(237056655345319936,0,2,0,0,1570914266),(241519251322699776,1,19,1,19,1576116749),(243455253972910081,0,0,0,0,0),(245591830501130251,0,0,0,0,0),(247850809415565314,0,6,0,1,1577861037),(249527749935497216,0,0,0,0,0),(249857654346743808,0,0,0,0,0),(250036341096579072,0,0,0,0,0),(252924485324242944,0,3,0,0,1565961665),(253014331590049802,0,0,0,0,0),(259494311702298625,0,0,0,0,0),(261184776462008330,0,0,0,0,0),(266785474465628161,3,57,0,9,1581054893),(267380779175247872,0,0,0,0,0),(268620321651818497,6,211,1,25,1581019629),(269938061591183361,1,11,1,11,1578111562),(271489938522898442,2,32,2,32,1581291570),(272446914937487370,0,3,0,0,1568437438),(274949825408008192,0,2,0,2,1579960536),(275062236043542528,1,20,0,1,1573357992),(276428568169414656,10,512,0,0,1563173207),(280080221619879937,0,0,0,0,0),(282457235584450573,0,1,0,0,1561492793),(283672591850274827,0,0,0,0,0),(284980486101663746,0,0,0,0,0),(286287873186201600,0,0,0,0,0),(286313967935160323,0,0,0,0,0),(286611574783868928,0,0,0,0,0),(289212697168314368,0,5,0,0,1564193463),(291374444339920896,0,0,0,0,0),(291645365281751043,4,95,1,13,1580746877),(293076213554216961,0,0,0,0,0),(293962242762735616,0,1,0,0,1566937173),(294390445612466177,4,102,1,13,1580759320),(294950852970414100,0,0,0,0,0),(295713419321933825,4,122,0,2,1576717971),(297126376023261185,13,749,8,298,1581267441),(298601320003141636,0,1,0,0,1565085131),(298903789971177483,0,0,0,0,0),(298927660602490883,0,4,0,4,1575844048),(300411443977650176,0,0,0,0,0),(302818457378881537,0,0,0,0,0),(304404547236003840,0,0,0,0,0),(308335820136513547,0,0,0,0,0),(309372560984899595,0,0,0,0,0),(309424678110494721,0,0,0,0,0),(309803073604157441,0,4,0,1,1573436961),(311822799717269514,0,0,0,0,0),(318171583921258497,34,5051,4,110,1580830547),(318177191252983808,0,6,0,0,1568287916),(319857380630462475,0,0,0,0,0),(320841917296410625,1,19,0,3,1581060881),(323440810354016256,0,0,0,0,0),(326190263292657675,0,0,0,0,0),(326905556432322561,0,6,0,6,1576385404),(327300659890225163,0,2,0,0,1560987079),(327680477291085826,0,0,0,0,0),(329374663119601665,0,2,0,0,1570744425),(332518502072320004,0,1,0,0,1568689212),(333284641903607841,0,0,0,0,0),(334465588032307201,2,47,0,7,1579560240),(337275956379123713,0,0,0,0,0),(339053375767183362,0,4,0,3,1576768997),(339146339076145153,0,0,0,0,0),(341242586213908491,8,293,0,2,1579466103),(342089028335828992,1,18,1,18,1576050005),(343467988474658818,0,0,0,0,0),(343846821933744130,0,3,0,0,1559137250),(346009754767982592,0,1,0,1,1576142643),(346010830455701505,0,0,0,0,0),(350692653609779201,0,0,0,0,0),(351054323649740800,0,0,0,0,0),(351083197355917313,3,51,3,51,1580747001),(353645156726996994,0,7,0,7,1576206751),(353649390881079299,0,0,0,0,0),(355124787963494432,0,0,0,0,0),(356739517375315968,3,64,0,2,1574504143),(357209207361110027,0,0,0,0,0),(357209598371037185,0,0,0,0,0),(360536448845217792,0,6,0,0,1568902461),(361737805669335040,0,0,0,0,0),(363700447904661514,1,22,1,22,1576143533),(366597657394937866,0,0,0,0,0),(370633114273185792,0,3,0,3,1581297038),(370928619955945483,0,0,0,0,0),(371311787984945172,2,29,0,3,1579409686),(371321984115671042,0,0,0,0,0),(372261002785325057,0,0,0,0,0),(375963012982374401,0,0,0,0,0),(376005543048904716,2,38,0,1,1576780229),(378445441651703815,0,2,0,0,1562595912),(380186498416377856,8,299,1,22,1579123056),(380460094720311306,3,69,0,0,1569119265),(384104234762764288,0,1,0,0,1568895229),(384518864194764802,0,1,0,1,1575528491),(388541017353224193,4,109,2,49,1580237449),(388629366592110592,0,2,0,0,1569950558),(389136633884049409,0,0,0,0,0),(389855503989342208,0,7,0,0,1565540040),(390256598368387072,0,0,0,0,0),(390536464036921366,1,10,0,0,1559325752),(393194962990137368,0,1,0,1,1580058204),(393402568136589322,8,300,8,300,1581119119),(393823572616937472,0,10,0,0,1571149495),(395680413034610688,0,0,0,0,0),(396337985647280140,0,0,0,0,0),(397578503328890881,27,3243,11,535,1581329019),(398149816510578690,0,0,0,0,0),(399336275825393676,0,0,0,0,0),(399477530173898752,0,0,0,0,0),(399712222286184449,0,2,0,0,1569942954),(401913653428879360,1,11,1,11,1577577317),(402805535943950336,0,0,0,0,0),(403397074164514817,0,0,0,0,0),(404111263577145355,2,35,0,1,1573596279),(406155979068276736,0,5,0,0,1565907451),(406761142665347074,0,5,0,0,1564058098),(407246954901536779,0,0,0,0,0),(407269626293256192,12,639,2,27,1579276568),(407367385155371028,0,0,0,0,0),(408485317264277507,0,0,0,0,0),(409392899680108546,0,3,0,0,1567688319),(410811385136807936,8,311,2,28,1581275247),(411943370265591828,0,0,0,0,0),(412018961438212117,1,16,1,14,1580748061),(413754421365964800,0,0,0,0,0),(414662098098847745,0,0,0,0,0),(415915653233377281,0,0,0,0,0),(417756402627641357,4,100,0,1,1575582930),(417784505856688137,0,0,0,0,0),(417792818950569984,0,0,0,0,0),(418403101427367939,0,0,0,0,0),(421065156789927947,0,0,0,0,0),(423963512398675988,0,1,0,0,1565790513),(425716878757855233,0,2,0,0,1565928001),(426838955741413379,0,3,0,0,1565540091),(426898208548192276,0,2,0,0,1562907936),(432437874785386508,0,2,0,0,1567937002),(433115467809292297,0,0,0,0,0),(434808409754435585,0,0,0,0,0),(436218814934548490,0,0,0,0,0),(437461391025242113,0,0,0,0,0),(437707968419594241,0,0,0,0,0),(438050709015887884,0,0,0,0,0),(438327226413481985,0,7,0,7,1576035653),(439246774775840790,0,0,0,0,0),(439497313074020362,0,0,0,0,0),(439883898416267274,0,0,0,0,0),(440113725970710528,1,22,0,1,1577804322),(440872640022970368,0,2,0,0,1569944324),(440982545186684928,0,1,0,0,1566228378),(441278872684593152,0,0,0,0,0),(450267784803385355,0,0,0,0,0),(451562822896320514,1,12,0,0,1567067547),(452255492077780994,0,2,0,0,1564542329),(452475175250821170,0,4,0,4,1575441458),(452575788324356108,0,0,0,0,0),(452639738789363712,0,0,0,0,0),(452984509579657247,0,0,0,0,0),(455093847945379850,0,6,0,6,1581332866),(456784485992628225,0,3,0,0,1571271101),(457351349823209474,0,0,0,0,0),(457670368271007754,1,14,0,8,1581053606),(458009660121808896,0,1,0,0,1565653487),(459787791417475072,1,22,0,2,1574540347),(461353394012160000,7,237,0,7,1575608775),(463170307386114058,0,0,0,0,0),(463914007925882882,2,44,0,0,1569707458),(464691937920679937,22,2053,5,152,1581180723),(465331443799949336,0,0,0,0,0),(465749080803508226,0,0,0,0,0),(465853734123995136,12,678,2,48,1580941573),(467259831330275328,0,0,0,0,0),(467800640303661081,0,0,0,0,0),(468445530889125888,7,266,0,0,1572544853),(469256632677957642,26,2869,7,245,1581267702),(469871029687156747,0,7,0,0,1562608314),(470137965222559785,0,0,0,0,0),(470774459721187329,0,0,0,0,0),(471256877963935744,0,6,0,6,1577737922),(472341300071628810,0,10,0,0,1568636615),(480832011637096450,0,0,0,0,0),(483755978177773571,0,6,0,6,1579221045),(484024569230000128,0,1,0,0,1559811931),(486567094725378070,0,3,0,3,1579613988),(486938126850326548,0,0,0,0,0),(487023252892286986,0,0,0,0,0),(490635089731125250,0,0,0,0,0),(492420711227457546,0,0,0,0,0),(492828215220502530,0,0,0,0,0),(493209001656451074,0,2,0,0,1562997699),(493945565097492480,0,0,0,0,0),(495334453133180942,0,1,0,1,1578009613),(496119643300298753,0,0,0,0,0),(496694681804079138,0,0,0,0,0),(498851479646502915,0,4,0,0,1563358902),(499674934109536277,19,1569,17,1305,1581324933),(500705228933562368,2,32,0,5,1581078887),(502561123015589898,0,0,0,0,0),(507501776195289089,0,2,0,2,1576107226),(507787558567280640,0,0,0,0,0),(507957811976863785,0,1,0,1,1575475445),(507999708749496320,0,2,0,2,1579040893),(508319179791925278,0,2,0,2,1573146382),(508435635132956693,0,8,0,8,1580102493),(510261667653746691,0,2,0,2,1576554717),(510676122409893891,0,2,0,1,1578266344),(512596621331005443,0,0,0,0,0),(513029578151690250,0,1,0,0,1562839561),(515640349947985923,0,0,0,0,0),(516380080189079552,1,20,0,6,1579580051),(518168040404156447,2,36,2,36,1580746988),(518209980558737424,0,0,0,0,0),(518914130808274950,0,2,0,2,1576490019),(518979929019252742,51,10795,14,933,1581336686),(519434988714721291,0,0,0,0,0),(520043553033027598,0,1,0,0,1568869646),(522500469537636357,2,32,0,0,1568310740),(522933188939743233,0,0,0,0,0),(523321184427966484,1,20,0,0,1571027755),(527522210953297932,0,1,0,1,1576162198),(528407518779539486,0,0,0,0,0),(530221936542875650,0,0,0,0,0),(530740044835586058,0,0,0,0,0),(533077324955123713,0,0,0,0,0),(533820595507560449,0,0,0,0,0),(533848106442162188,0,7,0,0,1569958452),(534869627344257064,0,2,0,0,1566955899),(535197270165946380,0,0,0,0,0),(537041606872793109,0,3,0,0,1569688110),(540250555793276958,3,51,0,0,1568218868),(542819781854887946,0,0,0,0,0),(544944128853540892,0,0,0,0,0),(545099585945600000,0,0,0,0,0),(546372774772604960,0,4,0,0,1571508402),(547490020924325890,0,0,0,0,0),(547880877426737152,0,0,0,0,0),(548304716866781204,0,1,0,0,1566500147),(552637636020404224,1,11,0,6,1578276674),(554038476274925578,0,0,0,0,0),(554511718282297344,0,0,0,0,0),(555330436763484162,0,0,0,0,0),(555573031544684546,0,0,0,0,0),(556639291149647872,0,0,0,0,0),(559110374281183244,5,125,1,22,1580792158),(559111038151163915,0,0,0,0,0),(560900836264509441,0,0,0,0,0),(561601906250874881,0,0,0,0,0),(562267868197027840,0,0,0,0,0),(565612152426332173,0,0,0,0,0),(565888805173985280,0,0,0,0,0),(566828472824234014,0,6,0,0,1557079474),(567914494093688847,0,1,0,0,1564365980),(568113868531040272,0,0,0,0,0),(569920833389330452,0,0,0,0,0),(571781551445246002,0,1,0,0,1567576487),(573071735545397258,0,0,0,0,0),(573505209582747658,0,0,0,0,0),(577302328835702795,0,0,0,0,0),(578192467044859914,0,5,0,5,1581227433),(579246671121350668,0,0,0,0,0),(583165779181174786,0,3,0,3,1574325894),(583723198521278494,0,0,0,0,0),(587137097257713673,0,2,0,0,1571753994),(587766381702021120,0,0,0,0,0),(589204003615801377,0,1,0,0,1569194629),(590087880160837643,0,7,0,0,1560763343),(590697591549984799,0,0,0,0,0),(591496826453098519,0,4,0,0,1569012881),(591718427085897738,0,0,0,0,0),(592726221733756958,0,0,0,0,0),(593031053313179670,0,0,0,0,0),(593143295841140746,0,0,0,0,0),(596526003397066752,0,3,0,3,1576015533),(596864919337697280,0,0,0,0,0),(597536017175543840,0,0,0,0,0),(597827846139805726,2,26,0,0,1563413587),(597852288001769491,0,0,0,0,0),(597931595437178919,0,6,0,6,1577290396),(598534309602787360,0,1,0,0,1565887809),(598627506886803479,0,0,0,0,0),(599933472634830897,0,4,0,0,1563629567),(600080682328522781,0,0,0,0,0),(600624798514675744,0,0,0,0,0),(601090272075710473,0,1,0,0,1565549435),(601161928810692618,0,0,0,0,0),(602559265206566922,0,6,0,0,1566542583),(602750612353843221,0,0,0,0,0),(609819989951643651,0,0,0,0,0),(610183004744318982,0,0,0,0,0),(611325120631406612,0,1,0,0,1565933004),(611421726114578441,0,0,0,0,0),(611896071395737642,0,0,0,0,0),(613371332431839265,1,18,1,18,1576309151),(616060705816444958,0,2,0,2,1577759974),(617854785269530655,0,0,0,0,0),(619586602133487655,0,1,0,0,1567872290),(622202007218028556,0,0,0,0,0),(624273030398476327,5,142,3,74,1581026964),(624750566240813066,0,1,0,1,1574487021),(627081819728248853,0,0,0,0,0),(627661241409601540,0,0,0,0,0),(629283099154317332,0,0,0,0,0),(632185177941999636,0,0,0,0,0),(632731498663116810,0,0,0,0,0),(633371029602959360,2,35,2,35,1578085994),(635000818591858710,0,0,0,0,0),(635261993619685389,0,0,0,0,0),(637345431780589598,0,1,0,0,1572967047),(639846972320251905,0,0,0,0,0),(640300531516178433,1,13,1,13,1576477880),(642568559591030784,0,0,0,0,0),(646056082166251533,0,0,0,0,0),(647407433349857290,0,0,0,0,0),(653364293156470834,0,0,0,0,0),(658910783329009714,0,0,0,0,0),(659147154484363265,0,6,0,6,1577233126),(661300707613343774,0,0,0,0,0),(663753721313886218,0,0,0,0,0),(670429338897874976,0,1,0,1,1579916267),(670751911166738475,0,4,0,4,1581108094),(675082368096272385,0,0,0,0,0);
/*!40000 ALTER TABLE `Levels` ENABLE KEYS */;
UNLOCK TABLES;

--
-- Table structure for table `Mutes`
--

DROP TABLE IF EXISTS `Mutes`;
/*!40101 SET @saved_cs_client     = @@character_set_client */;
/*!40101 SET character_set_client = utf8 */;
CREATE TABLE `Mutes` (
  `User` bigint(20) NOT NULL,
  `UnmuteTime` bigint(20) NOT NULL,
  PRIMARY KEY (`User`),
  CONSTRAINT `Mutes_ibfk_1` FOREIGN KEY (`User`) REFERENCES `Users` (`ID`) ON UPDATE CASCADE
) ENGINE=InnoDB DEFAULT CHARSET=utf8;
/*!40101 SET character_set_client = @saved_cs_client */;

--
-- Dumping data for table `Mutes`
--

LOCK TABLES `Mutes` WRITE;
/*!40000 ALTER TABLE `Mutes` DISABLE KEYS */;
/*!40000 ALTER TABLE `Mutes` ENABLE KEYS */;
UNLOCK TABLES;

--
-- Table structure for table `NameContest`
--

DROP TABLE IF EXISTS `NameContest`;
/*!40101 SET @saved_cs_client     = @@character_set_client */;
/*!40101 SET character_set_client = utf8 */;
CREATE TABLE `NameContest` (
  `User` bigint(20) NOT NULL,
  `DateSubmitted` int(10) unsigned NOT NULL,
  `Submission` varchar(50) NOT NULL,
  `ID` int(10) unsigned NOT NULL AUTO_INCREMENT,
  PRIMARY KEY (`ID`),
  KEY `NameContest_ibfk_1` (`User`),
  CONSTRAINT `NameContest_ibfk_1` FOREIGN KEY (`User`) REFERENCES `Users` (`ID`) ON UPDATE CASCADE
) ENGINE=InnoDB AUTO_INCREMENT=14 DEFAULT CHARSET=utf8;
/*!40101 SET character_set_client = @saved_cs_client */;

--
-- Dumping data for table `NameContest`
--

LOCK TABLES `NameContest` WRITE;
/*!40000 ALTER TABLE `NameContest` DISABLE KEYS */;
INSERT INTO `NameContest` VALUES (341242586213908491,1558038611,'The Grandchildren',1),(341242586213908491,1558062500,'Grandson Chat n Chill',4),(341242586213908491,1558062610,'GRANDS✖N',5),(435466459528036353,1558191009,'Server name idea: Grandkids Ground',6),(435466459528036353,1558276739,'X X Army',7),(271489938522898442,1558682013,'grandsonsucks',8),(392319767697948673,1559482066,'Yed',9),(518979929019252742,1559847092,'Test',10),(207129652345438211,1559847265,'Fuck japy',11),(518979929019252742,1559848574,'Two words',12),(125242316850987008,1559848678,'N ot your  grandcord✖ ✖',13);
/*!40000 ALTER TABLE `NameContest` ENABLE KEYS */;
UNLOCK TABLES;

--
-- Table structure for table `OwnedRoles`
--

DROP TABLE IF EXISTS `OwnedRoles`;
/*!40101 SET @saved_cs_client     = @@character_set_client */;
/*!40101 SET character_set_client = utf8 */;
CREATE TABLE `OwnedRoles` (
  `User` bigint(20) NOT NULL,
  `Role` bigint(20) NOT NULL,
  `PurchaseDate` bigint(20) NOT NULL,
  `PurchaseID` bigint(20) NOT NULL AUTO_INCREMENT,
  PRIMARY KEY (`PurchaseID`),
  KEY `User` (`User`),
  KEY `Role` (`Role`),
  CONSTRAINT `OwnedRoles_ibfk_1` FOREIGN KEY (`User`) REFERENCES `Users` (`ID`) ON UPDATE CASCADE,
  CONSTRAINT `OwnedRoles_ibfk_2` FOREIGN KEY (`Role`) REFERENCES `Roles` (`ID`) ON UPDATE CASCADE
) ENGINE=InnoDB AUTO_INCREMENT=82 DEFAULT CHARSET=utf8;
/*!40101 SET character_set_client = @saved_cs_client */;

--
-- Dumping data for table `OwnedRoles`
--

LOCK TABLES `OwnedRoles` WRITE;
/*!40000 ALTER TABLE `OwnedRoles` DISABLE KEYS */;
INSERT INTO `OwnedRoles` VALUES (271489938522898442,555586664827715584,1556509886,7),(518979929019252742,555586664827715584,1556509886,10),(236274686470651914,555586664827715584,1556509886,14),(142057798975488002,555586664827715584,1556509886,15),(392319767697948673,555612228485644300,1559482066,16),(464691937920679937,574665904110174218,1560597619,17),(469256632677957642,555611944665481227,1561139630,18),(260560402432131073,555612080233775116,1563412235,20),(397578503328890881,555612247683235851,1563830870,21),(318171583921258497,555612080233775116,1565129094,22),(318171583921258497,555612247683235851,1565136677,23),(318171583921258497,555586664827715584,1565136677,24),(397578503328890881,555586664827715584,1565136677,25),(397578503328890881,555611876881334273,1565136677,26),(125242316850987008,555586664827715584,1565136677,27),(276428568169414656,555586664827715584,1565136677,28),(461353394012160000,555586664827715584,1565136677,29),(501870233280315392,555586664827715584,1565136677,31),(469256632677957642,555586664827715584,1565136677,33),(465853734123995136,555586664827715584,1565136677,34),(464691937920679937,555586664827715584,1565136677,35),(207129652345438211,555586664827715584,1565136677,36),(435466459528036353,561074809174228992,1565136677,37),(545099585945600000,561074809174228992,1565136677,38),(271489938522898442,561074809174228992,1565136677,39),(341242586213908491,555611944665481227,1565136677,41),(125242316850987008,555612406072606721,1565136677,42),(464691937920679937,555612406072606721,1565136677,43),(357209207361110027,555612683563696170,1565136677,44),(461353394012160000,555612080233775116,1565136677,45),(236274686470651914,555612080233775116,1565136677,46),(484169638578618378,555612080233775116,1565136677,47),(518979929019252742,555612080233775116,1565136677,48),(271489938522898442,555612523920097291,1565136677,49),(247850809415565314,555612228485644300,1565136677,50),(266785474465628161,555612040602058752,1565136677,52),(276428568169414656,555612040602058752,1565136677,53),(456784485992628225,555612040602058752,1565136677,54),(518979929019252742,555612040602058752,1565136677,55),(559110374281183244,555612040602058752,1565136677,56),(332360016235462659,555612040602058752,1565136677,57),(348164717170130944,555612247683235851,1565136677,58),(507501776195289089,555612247683235851,1565136677,59),(164377789422764032,555612247683235851,1565136677,60),(464691937920679937,555612247683235851,1565136677,61),(399477530173898752,555612199133904896,1565136677,63),(435466459528036353,555612199133904896,1565136677,64),(380186498416377856,555612199133904896,1565136677,65),(371311787984945172,555612633038979083,1565136677,66),(464691937920679937,555612272542875648,1566558135,67),(469256632677957642,555612040602058752,1567620417,68),(464691937920679937,555612633038979083,1567713232,69),(297126376023261185,555612040602058752,1570762219,70),(624273030398476327,555612040602058752,1572029683,71),(468445530889125888,555612247683235851,1572447952,72),(464691937920679937,555611876881334273,1572553688,73),(216427116357484544,555612228485644300,1573146170,74),(397578503328890881,555612272542875648,1573716786,75),(397578503328890881,555612080233775116,1573716801,76),(464691937920679937,555612080233775116,1575642209,77),(624273030398476327,574665904110174218,1577107995,78),(499674934109536277,555586664827715584,1578028224,79),(393402568136589322,555612633038979083,1579172304,80),(499674934109536277,555612228485644300,1580953478,81);
/*!40000 ALTER TABLE `OwnedRoles` ENABLE KEYS */;
UNLOCK TABLES;

--
-- Table structure for table `Reminders`
--

DROP TABLE IF EXISTS `Reminders`;
/*!40101 SET @saved_cs_client     = @@character_set_client */;
/*!40101 SET character_set_client = utf8 */;
CREATE TABLE `Reminders` (
  `User` bigint(20) NOT NULL,
  `Reminder` varchar(200) NOT NULL,
  `Date` bigint(20) NOT NULL,
  `RemindID` bigint(20) NOT NULL AUTO_INCREMENT,
  PRIMARY KEY (`RemindID`),
  KEY `User` (`User`),
  CONSTRAINT `Reminders_ibfk_1` FOREIGN KEY (`User`) REFERENCES `Users` (`ID`) ON UPDATE CASCADE
) ENGINE=InnoDB AUTO_INCREMENT=437 DEFAULT CHARSET=utf8;
/*!40101 SET character_set_client = @saved_cs_client */;

--
-- Dumping data for table `Reminders`
--

LOCK TABLES `Reminders` WRITE;
/*!40000 ALTER TABLE `Reminders` DISABLE KEYS */;
INSERT INTO `Reminders` VALUES (397578503328890881,'Soundcloud ad',3072074808,1),(397578503328890881,'ad ends',3073154530,53);
/*!40000 ALTER TABLE `Reminders` ENABLE KEYS */;
UNLOCK TABLES;

--
-- Table structure for table `Roles`
--

DROP TABLE IF EXISTS `Roles`;
/*!40101 SET @saved_cs_client     = @@character_set_client */;
/*!40101 SET character_set_client = utf8 */;
CREATE TABLE `Roles` (
  `Name` varchar(50) NOT NULL,
  `ID` bigint(20) NOT NULL,
  `Color` varchar(15) NOT NULL,
  `Priority` bigint(20) NOT NULL,
  PRIMARY KEY (`ID`),
  UNIQUE KEY `Priority` (`Priority`)
) ENGINE=InnoDB DEFAULT CHARSET=utf8;
/*!40101 SET character_set_client = @saved_cs_client */;

--
-- Dumping data for table `Roles`
--

LOCK TABLES `Roles` WRITE;
/*!40000 ALTER TABLE `Roles` DISABLE KEYS */;
INSERT INTO `Roles` VALUES ('@everyone',555580515491774487,'0',0),('====== STAFF ======',555582511980478464,'0',42),('Owner',555582817442988052,'14476522',41),('Admins',555582889203466260,'13227743',40),('Moderators',555582938956431363,'10005948',39),('Staff',555582977929641987,'16777215',36),('---------------------------------------------',555583424728137728,'3092790',31),('Grandkids',555585197794656256,'13726322',14),('====== BOT =======',555586245682790412,'0',38),('Bot',555586273780170769,'9868950',37),('===== MEMBER =====',555586453778989067,'0',16),('Toe Tag',555586664827715584,'12929598',15),('Groovy',555595550620123152,'0',34),('YAGPDB.xyz',555596103328989203,'0',33),('DISBOARD',555597413230837790,'0',32),('=== SONG ROLES ====',555611707930705920,'0',30),('Apologize',555611876881334273,'13440020',28),('Is This What You Wanted',555611944665481227,'16746552',19),('Fallin',555612040602058752,'7332095',25),('Darkside',555612080233775116,'1708851',22),('Blood // Water',555612199133904896,'9044739',27),('Stick Up',555612228485644300,'2123412',24),('Despicable',555612247683235851,'10707929',26),('Overdose',555612272542875648,'10206041',18),('War',555612406072606721,'14333727',20),('thoughts & prayers',555612523920097291,'142458',23),('Kiss Bang',555612633038979083,'16739236',29),('Bury Me Face Down',555612683563696170,'16498516',21),('Bills',555612710365167647,'2067276',17),('=== FUN ROLES ====',556305848117231636,'0',10),('YOUTUBE',556305967642574848,'0',5),('REDDIT',556306011443691541,'0',4),('POLLS',556306039209984001,'0',3),('misfit is a boring salad',557069946090160128,'1752220',8),('TommyBot',560229933926842391,'0',35),('ANNOUNCEMENTS',560301865666084919,'0',2),('== PINGABLE ROLES ==',560301911711023115,'0',6),('elder.',560738831536619521,'9417908',13),('THIS IS THE FIREHAWK',561039920085336064,'15154715',9),('Creator',561074809174228992,'10181046',11),('NO APOLOGIES',562198451065192448,'13290186',12),('cool',562828697149636654,'16233186',7),('MUTED',565986630750699520,'131586',1),('Stigmata',574665904110174218,'9071534',43);
/*!40000 ALTER TABLE `Roles` ENABLE KEYS */;
UNLOCK TABLES;

--
-- Table structure for table `Tags`
--

DROP TABLE IF EXISTS `Tags`;
/*!40101 SET @saved_cs_client     = @@character_set_client */;
/*!40101 SET character_set_client = utf8 */;
CREATE TABLE `Tags` (
  `TagName` varchar(255) CHARACTER SET utf8mb4 NOT NULL,
  `User` bigint(20) NOT NULL,
  `Content` varchar(3000) COLLATE utf8mb4_unicode_ci NOT NULL,
  `LastUpdated` bigint(20) NOT NULL,
  PRIMARY KEY (`TagName`),
  KEY `User` (`User`),
  CONSTRAINT `Tags_ibfk_1` FOREIGN KEY (`User`) REFERENCES `Users` (`ID`) ON UPDATE CASCADE
) ENGINE=InnoDB DEFAULT CHARSET=utf8mb4 COLLATE=utf8mb4_unicode_ci;
/*!40101 SET character_set_client = @saved_cs_client */;

--
-- Dumping data for table `Tags`
--

LOCK TABLES `Tags` WRITE;
/*!40000 ALTER TABLE `Tags` DISABLE KEYS */;
INSERT INTO `Tags` VALUES ('cool',207129652345438211,'how to be cool:\nA) get sunglasses \nB)',1561552252),('defaultdance',207129652345438211,'https://i.imgur.com/t7UEMcd.png  https://i.imgur.com/ubzrVl9.png https://i.imgur.com/MtwqpAw.png',1563068542),('fu',318171583921258497,'https://i.imgur.com/H2jpx6w.png',1563322943),('yeef',271489938522898442,'https://cdn.discordapp.com/attachments/556744022547234818/572123997744136192/yeef.mp4',1556475529);
/*!40000 ALTER TABLE `Tags` ENABLE KEYS */;
UNLOCK TABLES;

--
-- Table structure for table `TempBans`
--

DROP TABLE IF EXISTS `TempBans`;
/*!40101 SET @saved_cs_client     = @@character_set_client */;
/*!40101 SET character_set_client = utf8 */;
CREATE TABLE `TempBans` (
  `User` bigint(20) NOT NULL,
  `UnbanTime` bigint(20) NOT NULL,
  PRIMARY KEY (`User`),
  CONSTRAINT `TempBans_ibfk_1` FOREIGN KEY (`User`) REFERENCES `Users` (`ID`) ON UPDATE CASCADE
) ENGINE=InnoDB DEFAULT CHARSET=utf8;
/*!40101 SET character_set_client = @saved_cs_client */;

--
-- Dumping data for table `TempBans`
--

LOCK TABLES `TempBans` WRITE;
/*!40000 ALTER TABLE `TempBans` DISABLE KEYS */;
INSERT INTO `TempBans` VALUES (339146339076145153,1560799115);
/*!40000 ALTER TABLE `TempBans` ENABLE KEYS */;
UNLOCK TABLES;

--
-- Table structure for table `Users`
--

DROP TABLE IF EXISTS `Users`;
/*!40101 SET @saved_cs_client     = @@character_set_client */;
/*!40101 SET character_set_client = utf8 */;
CREATE TABLE `Users` (
  `ID` bigint(20) NOT NULL,
  `name` varchar(100) CHARACTER SET utf8mb4 DEFAULT NULL,
  `JoinDate` bigint(20) NOT NULL,
  `CreatedDate` bigint(20) NOT NULL,
  `PrimaryRole` bigint(20) NOT NULL,
  `LeftServer` varchar(2) COLLATE utf8mb4_unicode_ci NOT NULL DEFAULT 'F',
  PRIMARY KEY (`ID`),
  KEY `PrimaryRole` (`PrimaryRole`),
  CONSTRAINT `Users_ibfk_1` FOREIGN KEY (`PrimaryRole`) REFERENCES `Roles` (`ID`) ON UPDATE CASCADE
) ENGINE=InnoDB DEFAULT CHARSET=utf8mb4 COLLATE=utf8mb4_unicode_ci;
/*!40101 SET character_set_client = @saved_cs_client */;

--
-- Dumping data for table `Users`
--

LOCK TABLES `Users` WRITE;
/*!40000 ALTER TABLE `Users` DISABLE KEYS */;
INSERT INTO `Users` VALUES (96829952569126912,'the milk man(cai)#2903',1561019114,1443156459,555585197794656256,'F'),(98206330292031488,'Ujash#8293',1576802354,1443484613,555585197794656256,'F'),(105133973193170944,'Ray Catena#5427',1577327293,1445136292,555585197794656256,'F'),(107937430006448128,'Hideo Kojima#1895',1571191852,1445804688,555585197794656256,'F'),(109040563763851264,'[D]IP Kaelton#3610',1561050294,1446067696,555585197794656256,'F'),(125242316850987008,'-Japy-#2130',1552567608,1449930495,555582938956431363,'F'),(140214093347815424,'Natural Resources#1466',1565887263,1453500044,555585197794656256,'F'),(142057798975488002,'MisterWhisper#4218',1553022888,1453939618,555586664827715584,'F'),(148628725808758784,'Misfit#5566',1552886068,1455506249,555612710365167647,'F'),(149204830198562816,'MarcoDS#5203',1562771055,1455643603,555585197794656256,'F'),(158742089016803328,'Lactose the Intolerant#4971',1570898303,1457917463,555585197794656256,'F'),(164377789422764032,'Ramones#2125',1555934758,1459261118,555612247683235851,'F'),(164382217362079745,'Propaganda#1188',1552557581,1459262174,555585197794656256,'F'),(165529707033395200,'Qwerty102964#6212',1555901329,1459535757,555585197794656256,'F'),(171314372591878145,'Ελάριον#6562',1578057774,1460914929,555585197794656256,'F'),(177767850369482753,'ZAYn0nDER#9999',1578836341,1462453558,555585197794656256,'F'),(186860876299501568,'tylermaillet#9903',1568781146,1464621504,555585197794656256,'F'),(187579345802362883,'Skyguyyy#4492',1564153761,1464792801,555585197794656256,'F'),(187580928619577344,'amber',1562629350,1464793178,555585197794656256,'F'),(190904446983602176,'ᴀɴᴅʀᴏᴍᴀʟɪᴜs#6651',1567045778,1465585566,555585197794656256,'F'),(191969728275677184,'Oakman978#0611',1563225053,1465839549,555585197794656256,'F'),(192878484048183296,'nakpin#3005',1559696983,1466056214,555585197794656256,'F'),(193782613775745024,'old chewing gum#7840',1552547177,1466271775,555585197794656256,'F'),(194547784425275402,'Lunar Tear#7467',1574244574,1466454206,555585197794656256,'F'),(195034201693618176,'vertigo#7896',1563839678,1466570177,555585197794656256,'F'),(195135270776078336,'Aisha_Rule#1064',1561152166,1466594273,555585197794656256,'F'),(199590602742956032,'The Peacock#1569',1572452987,1467656507,555585197794656256,'F'),(199656147597262848,'skylar#8276',1566704641,1467672135,555585197794656256,'F'),(202517934520795137,'Roccstar#2818',1555976447,1468354438,555585197794656256,'F'),(203424239989161984,'Seth#4444',1575848855,1468570518,555585197794656256,'F'),(206636733045932032,'p a i g e#2079',1562607837,1469336436,555585197794656256,'F'),(207129652345438211,'x2110311x#2110',1552831715,1469453957,555582817442988052,'F'),(207663993232293888,'chorus-verse-bridge#9180',1552584572,1469581354,555585197794656256,'F'),(208448533185953793,'pantacool#6890',1577860769,1469768403,555585197794656256,'F'),(212541672356052992,'???????#0779',1572574806,1470744283,555585197794656256,'F'),(216427116357484544,'citadel#5764',1569997271,1471670645,555585197794656256,'F'),(219170554337296384,'HEIS3NB3RG#3275',1570913381,1472324732,555585197794656256,'F'),(227165582712111114,'So#3013',1562667688,1474230895,555585197794656256,'F'),(228863987565985793,'Noura#3485',1575844910,1474635826,555585197794656256,'F'),(231109389325434881,'Cooltown#4898',1552582136,1475171172,555585197794656256,'F'),(236274686470651914,'Kate#4703',1552774151,1476402675,555612080233775116,'F'),(237024673706147841,'TheDreamerKey#5368',1580098679,1476581485,555585197794656256,'F'),(237056655345319936,'bmr0412#8869',1570913730,1476589110,555585197794656256,'F'),(241519251322699776,'+ dilated | message man cult#0666',1560986965,1477653076,555585197794656256,'F'),(243455253972910081,'Brozart#7373',1561560572,1478114655,555585197794656256,'F'),(245591830501130251,'Manny! at the Disco#7546',1560202726,1478624055,555585197794656256,'F'),(247850809415565314,'MusicNerdDavid#4156',1552718897,1479162637,555612228485644300,'F'),(249527749935497216,'Tjelle#5465',1574031004,1479562451,555585197794656256,'F'),(249857654346743808,'L1ME#3524',1552565638,1479641106,555585197794656256,'F'),(250036341096579072,'perple#0096',1557857846,1479683709,555585197794656256,'F'),(252924485324242944,'kiara#0203',1565961271,1480372296,555585197794656256,'F'),(253014331590049802,'TheHentaiBodyPillow#1170',1570854614,1480393717,555585197794656256,'F'),(259494311702298625,'Dev#4323',1570497048,1481938665,555585197794656256,'F'),(260560402432131073,'the matrix#8916',1561085382,1482192840,555585197794656256,'F'),(261184776462008330,'Axics293#3607',1570828597,1482341703,555585197794656256,'F'),(266785474465628161,'aiden ­ƒÆ½#8596',1552727380,1483677013,555612040602058752,'F'),(267380779175247872,'AsteroidChief65#2436',1565738633,1483818945,555585197794656256,'F'),(268620321651818497,'кıll ev\'воdy walкın\'',1567625908,1484114475,555585197794656256,'F'),(269938061591183361,'Pikachus of La#5339',1576094295,1484428649,555585197794656256,'F'),(271489938522898442,'ll friedrice#1337',1580977305,1484798645,555582889203466260,'F'),(272446914937487370,'Malfunction997#9005',1562865350,1485026806,555585197794656256,'F'),(274949825408008192,'REAPX#5414',1579192808,1485623546,555585197794656256,'F'),(275062236043542528,'FrankDad#9185',1561743702,1485650347,555585197794656256,'F'),(276428568169414656,'cheeto#7236',1552531139,1485976106,555582889203466260,'F'),(280080221619879937,'twenty bi-teen#8653',1561125866,1486846728,555585197794656256,'F'),(282457235584450573,'Airi#0996',1561492695,1487413452,555585197794656256,'F'),(283672591850274827,'whisperdan#4990',1565911979,1487703216,555585197794656256,'F'),(284980486101663746,'Nicolas_Bourbaki#2227',1573241642,1488015042,555585197794656256,'F'),(286287873186201600,'Moss#3591',1579118974,1488326747,555585197794656256,'F'),(286313967935160323,'tapwaterx#5859',1570952794,1488332969,555585197794656256,'F'),(286611574783868928,'Lupu#9383',1562612117,1488403924,555585197794656256,'F'),(289212697168314368,'cacti#5335',1563286879,1489024080,555585197794656256,'F'),(291374444339920896,'Selena74321#3602',1575858669,1489539481,555585197794656256,'F'),(291645365281751043,'vilkkuwho#9396',1562199954,1489604073,555585197794656256,'F'),(293076213554216961,'blur#9611',1561228165,1489945214,555585197794656256,'F'),(293962242762735616,'david#3491',1566935866,1490156460,555585197794656256,'F'),(294390445612466177,'abbaquiche#6563',1564745868,1490258551,555585197794656256,'F'),(294950852970414100,'WantSomeMcFlurry#5357',1564628650,1490392163,555585197794656256,'F'),(295713419321933825,'DamarisCat#5177',1564110790,1490573973,555585197794656256,'F'),(297126376023261185,'???????????????♡#4294',1569117715,1490910848,555585197794656256,'F'),(298601320003141636,'Penguin_man19#5912',1565063340,1491262502,555585197794656256,'F'),(298903789971177483,'RobNop#2934',1568124057,1491334616,555585197794656256,'F'),(298927660602490883,'saturn#2681',1575843580,1491340308,555585197794656256,'F'),(300411443977650176,'racialmente inferior#1422',1562673987,1491694069,555585197794656256,'F'),(302818457378881537,'føxiasty#0689',1575148110,1492267946,555585197794656256,'F'),(304404547236003840,'Entropy#6617',1570856191,1492646099,555585197794656256,'F'),(308335820136513547,'Der geringfügig Wichtige#4406',1580859875,1493583388,555585197794656256,'F'),(309372560984899595,'Spooky Jim#1812',1574710462,1493830566,555585197794656256,'F'),(309424678110494721,'M Ξ T .#2004',1573397601,1493842992,555585197794656256,'F'),(309803073604157441,'aquatically#6291',1560988334,1493933208,555585197794656256,'F'),(311822799717269514,'Maxx#5957',1575662551,1494414748,555585197794656256,'F'),(318171583921258497,'mystic#2821',1556195652,1495928416,555612247683235851,'F'),(318177191252983808,'Mr Bushman#5825',1568287390,1495929753,555585197794656256,'F'),(319857380630462475,'burned14#3649',1575913262,1496330342,555585197794656256,'F'),(320841917296410625,'Jan btw#3650',1567019286,1496565074,555585197794656256,'F'),(323440810354016256,'Cynthia chauve#6902',1576002965,1497184698,555585197794656256,'F'),(326190263292657675,'Stevie Bands#0656',1565723781,1497840219,555585197794656256,'F'),(326905556432322561,'JingleMyBallsThroughTheHalls#4832',1576373993,1498010758,555585197794656256,'F'),(327300659890225163,'vee#9135',1560979791,1498104958,555585197794656256,'F'),(327680477291085826,'ᵐᵃᵗˡⁱˣ#3432',1580239237,1498195513,555585197794656256,'F'),(329374663119601665,'6!10293736#4632',1565970130,1498599439,555585197794656256,'F'),(332360016235462659,'alex ­ƒî║#1863',1552740248,1499311202,555612040602058752,'F'),(332518502072320004,'XxBasicCaydenxX#2538',1568688906,1499348988,555585197794656256,'F'),(333284641903607841,'afonsosriv#0009',1568384449,1499531650,555585197794656256,'F'),(334465588032307201,'wiogi?#6480',1562828603,1499813210,555585197794656256,'F'),(337275956379123713,'this._.katt#3108',1562050977,1500483254,555585197794656256,'F'),(339053375767183362,'Row McRow Face#6572',1570594044,1500907024,555585197794656256,'F'),(339146339076145153,'terra#8109',1565549573,1500929188,555585197794656256,'F'),(341242586213908491,'Just1n#0990',1553289329,1501428972,555611944665481227,'F'),(342089028335828992,'Lord_PrototypeV3#2707',1573147119,1501630780,555585197794656256,'F'),(343467988474658818,'AwesomeBuggyArtist#6432',1561177681,1501959549,555585197794656256,'F'),(343846821933744130,'leaked_jane#2330',1559136699,1502049870,555585197794656256,'F'),(346009754767982592,'JustScott#4102',1575973011,1502565554,555585197794656256,'F'),(346010830455701505,'Saturnine#5195',1561069605,1502565810,555585197794656256,'F'),(347908451323740169,'AltKey.png#3917',1568423050,1503018238,555585197794656256,'F'),(348164717170130944,'Mr Yeet#5546',1553979646,1503079337,555612247683235851,'F'),(350692653609779201,'xbrydenrivers#8868',1575037334,1503682044,555585197794656256,'F'),(351054323649740800,'Bobtheross1623#1929',1570917590,1503768273,555585197794656256,'F'),(351083197355917313,'Zen#3225',1577562285,1503775157,555585197794656256,'F'),(353645156726996994,'unholy heretic#6261',1575697336,1504385975,555585197794656256,'F'),(353649390881079299,'_rxse?#3888',1570892599,1504386985,555585197794656256,'F'),(355124787963494432,'Yīnjīng#2571',1556584105,1504738747,555585197794656256,'F'),(356739517375315968,'AiKaramba#9819',1566389966,1505123728,555585197794656256,'F'),(357209207361110027,'burndito#5792',1553015332,1505235711,555612683563696170,'F'),(357209598371037185,'Epsilon#7230',1553018459,1505235804,555585197794656256,'F'),(360536448845217792,'alx#6623',1568316086,1506028987,555585197794656256,'F'),(361737805669335040,'Xeno#2289',1568599081,1506315413,555585197794656256,'F'),(363010782495244299,'shadowgirl ⚧#2201',1560462234,1506618914,555585197794656256,'F'),(363700447904661514,'corg#3196',1575917123,1506783344,555585197794656256,'F'),(366597657394937866,'HumansAreSoWeaks#2738',1565738584,1507474092,555585197794656256,'F'),(370633114273185792,'panic_at_twenty_one__chemicals?#6064',1581208236,1508436220,555585197794656256,'F'),(370928619955945483,'karassaurus#1765',1555907900,1508506674,555585197794656256,'F'),(371311787984945172,'Yangel T.#6915',1552561184,1508598028,555612040602058752,'F'),(371321984115671042,'darthvaderobi#0128',1575593728,1508600459,555585197794656256,'F'),(372261002785325057,'nerdy0#6556',1571591360,1508824339,555585197794656256,'F'),(375963012982374401,'sBicey Boye#7360',1573511095,1509706967,555585197794656256,'F'),(376005543048904716,'Sky Dancer#7773',1557823779,1509717107,555585197794656256,'F'),(378445441651703815,'Canonlol#3986',1562595728,1510298824,555585197794656256,'F'),(380186498416377856,'Yondering#8389',1556926280,1510713924,555585197794656256,'F'),(380460094720311306,'admackey24#2147',1565887037,1510779155,555585197794656256,'F'),(384104234762764288,'Milorderr#2987',1568894953,1511647985,555585197794656256,'F'),(384518864194764802,'Carpsn#8433',1562608706,1511746841,555585197794656256,'F'),(388541017353224193,'brie#0360',1566253543,1512705797,555585197794656256,'F'),(388629366592110592,'jemina#8267',1567352075,1512726861,555585197794656256,'F'),(389136633884049409,'Canada#3689',1561012282,1512847803,555585197794656256,'F'),(389855503989342208,'mooshwa#3406',1555878655,1513019195,555585197794656256,'F'),(390256598368387072,'bathtimesam#5745',1568835292,1513114823,555585197794656256,'F'),(390536464036921366,'Anx#2640',1557069113,1513181548,555585197794656256,'F'),(392319767697948673,'looper#9478',1557860019,1513606721,555585197794656256,'F'),(393194962990137368,'\"bɾɛæɖ?#0609',1579973278,1513815384,555585197794656256,'F'),(393402568136589322,'FancyTaco#7360',1576969872,1513864881,555585197794656256,'F'),(393823572616937472,'Вита Лещик?#0741',1570866428,1513965256,555585197794656256,'F'),(395680413034610688,'Iluminacho#0212',1553666802,1514407961,555585197794656256,'F'),(395809497433636866,'emma#5763',1563338424,1514438737,555585197794656256,'F'),(396337985647280140,'Zeppeli#3340',1575388807,1514564739,555585197794656256,'F'),(397578503328890881,'skippy#8446',1554249947,1514860501,555611876881334273,'F'),(398149816510578690,'Zak#5396',1553790089,1514996713,555585197794656256,'F'),(399336275825393676,'jbone04#5293',1577299800,1515279587,555585197794656256,'F'),(399477530173898752,'duck#8861',1555146217,1515313265,555612199133904896,'F'),(399712222286184449,'LenTheSpaceWolf#9607',1568691599,1515369220,555585197794656256,'F'),(401913653428879360,'CнΛИGΣ#6060',1571018485,1515894082,555585197794656256,'F'),(402805535943950336,'hyumannen#7190',1575231492,1516106723,555585197794656256,'F'),(403397074164514817,'ava#1351',1576444746,1516247757,555585197794656256,'F'),(404111263577145355,'mack#2793',1562607814,1516418033,555585197794656256,'F'),(406155979068276736,'Joramia#1608',1565775946,1516905531,555585197794656256,'F'),(406761142665347074,'eek. lil-ken#5380',1564049076,1517049813,555585197794656256,'F'),(407246954901536779,'Bone Daddy#7888',1573230234,1517165640,555585197794656256,'F'),(407269626293256192,'Caps23#0453',1555124625,1517171045,555612523920097291,'F'),(407367385155371028,'jilllyk#9223',1561418897,1517194353,555585197794656256,'F'),(408485317264277507,'dream boy#6676',1574665315,1517460888,555585197794656256,'F'),(409392899680108546,'Gambas',1565172613,1517677273,555585197794656256,'F'),(410811385136807936,'laura#8565',1565730937,1518015466,555585197794656256,'F'),(411943370265591828,'lilmisstake#5145',1573769886,1518285353,555585197794656256,'F'),(412018961438212117,'Porterion#6648',1565541239,1518303375,555585197794656256,'F'),(413754421365964800,'Too Gullible#2337',1560989723,1518717141,555585197794656256,'F'),(414662098098847745,'chumbruh#5211',1569352951,1518933548,555585197794656256,'F'),(415915653233377281,'LxneBoy651#1510',1580158212,1519232419,555585197794656256,'F'),(417756402627641357,'Aca#5494',1570737722,1519671287,555585197794656256,'F'),(417784505856688137,'pixlated#8250',1552678201,1519677988,555585197794656256,'F'),(417792818950569984,'SR#6815',1575582195,1519679970,555585197794656256,'F'),(418403101427367939,'Frick#8446',1563859789,1519825472,555585197794656256,'F'),(421065156789927947,'?wimpidimp?#8456',1576377224,1520460156,555585197794656256,'F'),(423963512398675988,'rdesjarlais75#7630',1565789837,1521151178,555585197794656256,'F'),(425716878757855233,'Emolife EndMee#6419',1562700710,1521569213,555585197794656256,'F'),(426838955741413379,'­ƒæ¢Pet Yeetah­ƒæ¢#9557',1552557823,1521836737,555585197794656256,'F'),(426898208548192276,'Brian#1449',1562903002,1521850864,555585197794656256,'F'),(432437874785386508,'Немец#6347',1566025420,1523171623,555585197794656256,'F'),(433115467809292297,'electricboogaloo#9249',1571016568,1523333174,555585197794656256,'F'),(434808409754435585,'LeaveTheCity#0436',1555910790,1523736803,555585197794656256,'F'),(435466459528036353,'elmo#0278',1554142738,1523893694,555612199133904896,'F'),(436218814934548490,'Juni#4160',1570930132,1524073070,555585197794656256,'F'),(437461391025242113,'Jalee#5629',1580560722,1524369323,555585197794656256,'F'),(437707968419594241,'humanly#3360',1575697661,1524428111,555585197794656256,'F'),(438050709015887884,'Mae#9054',1562609636,1524509827,555585197794656256,'F'),(438327226413481985,'es1128567889#2162',1575908788,1524575754,555585197794656256,'F'),(439246774775840790,'SirraNvada#2806',1562014361,1524794991,555585197794656256,'F'),(439497313074020362,'maggie#7388',1563387190,1524854724,555585197794656256,'F'),(439883898416267274,'oliv1110#5480',1579647090,1524946894,555585197794656256,'F'),(440113725970710528,'twitch',1561218233,1525001689,555585197794656256,'F'),(440872640022970368,'RadioactiveQueen#5805',1565010248,1525182628,555585197794656256,'F'),(440982545186684928,'thunderdone#6162',1566142720,1525208831,555585197794656256,'F'),(441278872684593152,'pussyeet#8591',1564366761,1525279481,555585197794656256,'F'),(450267784803385355,'Sajmi#6261',1577887392,1527422605,555585197794656256,'F'),(451562822896320514,'Brokenangel_xd?#7483',1566405878,1527731366,555585197794656256,'F'),(452255492077780994,'BlurryFaceKyle#7433',1564540783,1527896511,555585197794656256,'F'),(452475175250821170,'valentino#6243',1575203064,1527948888,555585197794656256,'F'),(452575788324356108,'Antares.u#4669',1563348307,1527972876,555585197794656256,'F'),(452639738789363712,'SchruteDid9/11#3901',1553571311,1527988123,555585197794656256,'F'),(452984509579657247,'samjk24#2299',1552565035,1528070323,555585197794656256,'F'),(455093847945379850,'Jonde#4955',1581266720,1528573228,555585197794656256,'F'),(456784485992628225,'newgreatdepression#6779',1556728945,1528976308,555585197794656256,'F'),(457351349823209474,'synera#8868',1561249854,1529111458,555585197794656256,'F'),(457670368271007754,'0451 7950 2598#2598',1569352863,1529187518,555585197794656256,'F'),(458009660121808896,'ChipsChips#7941',1565649744,1529268412,555585197794656256,'F'),(459787791417475072,'jupiturd#1990',1568481541,1529692351,555585197794656256,'F'),(461353394012160000,'crazyzackattack#0013',1552720178,1530065620,555582889203466260,'F'),(463170307386114058,'sarahisgay#2364',1574556094,1530498806,555585197794656256,'F'),(463914007925882882,'axolotl#2524',1562606463,1530676118,555585197794656256,'F'),(464691937920679937,'eycte#4834',1552551413,1530861591,555612406072606721,'F'),(465331443799949336,'ᔕᗩᒪᗴᗰ#3814',1573819345,1531014061,555585197794656256,'F'),(465749080803508226,'justoldtrash#6336',1568731452,1531113634,555585197794656256,'F'),(465853734123995136,'wormy­ƒìÁ#8089',1552545702,1531138585,555582938956431363,'F'),(467259831330275328,'Doggerino#4518',1572720046,1531473825,555585197794656256,'F'),(467800640303661081,'vex_sausage#6982',1565721092,1531602763,555585197794656256,'F'),(468445530889125888,'majasvider#0288',1553671606,1531756517,555585197794656256,'F'),(469256632677957642,'Veritable#9611',1554097622,1531949899,555612247683235851,'F'),(469871029687156747,'Erectimus Prime#9225',1562607954,1532096383,555585197794656256,'F'),(470137965222559785,'jazzy_cali#7007',1555811432,1532160025,555585197794656256,'F'),(470774459721187329,'Slash_Zadkins#3893',1574358030,1532311777,555585197794656256,'F'),(471256877963935744,'Tofffeee#7644',1577736850,1532426795,555585197794656256,'F'),(472341300071628810,'asla#3313',1568414427,1532685341,555585197794656256,'F'),(480832011637096450,';-;#3169',1574354960,1534709685,555585197794656256,'F'),(483755978177773571,'ally_rat#5340',1578622710,1535406812,555585197794656256,'F'),(484024569230000128,'katie#2072',1559811850,1535470850,555585197794656256,'F'),(484169638578618378,'anti#4128',1552771581,1535505437,555612406072606721,'F'),(486567094725378070,'jet#2943',1573396144,1536077035,555585197794656256,'F'),(486938126850326548,'__localdreamer__#1675',1580069833,1536165496,555585197794656256,'F'),(487023252892286986,'Xenon#5454',1571809270,1536185791,555585197794656256,'F'),(490635089731125250,'QueenyCupcake#2552',1567643665,1537046920,555585197794656256,'F'),(492420711227457546,'Superbandtrash#6278',1570864125,1537472646,555585197794656256,'F'),(492828215220502530,'Galaxyhavoc#1914',1552699141,1537569802,555585197794656256,'F'),(493209001656451074,'MultifanJay#7398',1562607873,1537660589,555585197794656256,'F'),(493945565097492480,'bluez#7244',1578158426,1537836199,555585197794656256,'F'),(495334453133180942,'Kiera#2949',1576453099,1538167336,555585197794656256,'F'),(496119643300298753,'Raii#0845',1556760365,1538354540,555585197794656256,'F'),(496694681804079138,'unlivedspoon228#1117',1577254094,1538491640,555585197794656256,'F'),(498851479646502915,'chocolaté ⭐#8563',1563338385,1539005860,555585197794656256,'F'),(499674934109536277,'seren#4218',1563338459,1539202187,555585197794656256,'F'),(500705228933562368,'trench_the_disco#3105',1562285937,1539447829,555585197794656256,'F'),(501870233280315392,'nclancys#0001',1552548036,1539725587,555582938956431363,'F'),(502561123015589898,'Homeless Monkey#2137',1572534341,1539890308,555585197794656256,'F'),(507501776195289089,'Psyco_X_Loco#5130',1552611469,1541068252,555612247683235851,'F'),(507787558567280640,'Aryel#4391',1574107861,1541136388,555585197794656256,'F'),(507957811976863785,'Kisbagesz#9210',1575381444,1541176979,555585197794656256,'F'),(507999708749496320,'Eve#5982',1553704136,1541186968,555585197794656256,'F'),(508319179791925278,'CanYouDont#8896',1573145360,1541263136,555585197794656256,'F'),(508435635132956693,'Haha-its-Tyler#3939',1574369885,1541290901,555585197794656256,'F'),(510261667653746691,'Vic_Ginger#5763',1573787323,1541726261,555585197794656256,'F'),(510676122409893891,'lemon crack#0257',1570483476,1541825075,555585197794656256,'F'),(512596621331005443,'Ahmed_Asc#4811',1577676609,1542282958,555585197794656256,'F'),(513029578151690250,'Leata#0565',1562839437,1542386183,555585197794656256,'F'),(515640349947985923,'moønlitsky??#3130',1577228318,1543008639,555585197794656256,'F'),(516380080189079552,'D_rap The Bear#1321',1570067915,1543185004,555585197794656256,'F'),(518168040404156447,'(◠‿◠✿)#1293',1574107658,1543611287,555585197794656256,'F'),(518209980558737424,'Quill#4705',1563982830,1543621287,555585197794656256,'F'),(518908307633864734,'Cloud#1111',1573052493,1543787781,555585197794656256,'F'),(518914130808274950,'bing bong buckaroo#3034',1573806708,1543789169,555585197794656256,'F'),(518979929019252742,'Jade Jones#0005',1552555514,1543804857,555582889203466260,'F'),(519434988714721291,'~RetardedJoy~#7241',1564153959,1543913351,555585197794656256,'F'),(520043553033027598,'bitchmoth#7742',1564459883,1544058444,555585197794656256,'F'),(522500469537636357,'MikaJenniferGarouEtlautre#1724',1564960601,1544644219,555585197794656256,'F'),(522933188939743233,'ya boi guzma#4328',1568853321,1544747387,555585197794656256,'F'),(523321184427966484,'senor steel ur spleen#9809',1568325920,1544839893,555585197794656256,'F'),(527522210953297932,'SipÔÇóSip#3088',1553564110,1545841495,555585197794656256,'F'),(528407518779539486,'0 b s 1 d 1 A n#3336',1577065579,1546052569,555585197794656256,'F'),(530221936542875650,'samsorryscott#2082',1552609260,1546485160,555585197794656256,'F'),(530740044835586058,'Tulkiplax#4886',1568903595,1546608687,555585197794656256,'F'),(533077324955123713,'Captain_Carnar#4914',1565835460,1547165938,555585197794656256,'F'),(533392891133820928,'Chippy Boi#5655',1574458992,1547241175,555585197794656256,'F'),(533820595507560449,'usedtoiletpaper72#8734',1575234529,1547343147,555585197794656256,'F'),(533848106442162188,'Mr.Pointless#7107',1565140193,1547349706,555585197794656256,'F'),(534869627344257064,'klz919#6777',1566955159,1547593256,555585197794656256,'F'),(535197270165946380,'Il Toga lI#8692',1575963040,1547671372,555585197794656256,'F'),(537041606872793109,'PulZe_Keons#4843',1561470465,1548111096,555585197794656256,'F'),(540250555793276958,'Loudawg11#8190',1557085822,1548876169,555585197794656256,'F'),(542819781854887946,'løwkëy._.läce#4168',1559084708,1549488721,555585197794656256,'F'),(544944128853540892,'Hannah ?#8120',1578170406,1549995204,555585197794656256,'F'),(545099585945600000,'Prismotizm#2685',1580485234,1550032268,555585197794656256,'F'),(546372774772604960,'Giant Robot#2079',1568509611,1550335820,555585197794656256,'F'),(547490020924325890,'Bluegirlgamer19#9424',1562958292,1550602192,555585197794656256,'F'),(547880877426737152,'scared#6039',1572224377,1550695380,555585197794656256,'F'),(548304716866781204,'~DrEaM_EzClAp~#4694',1566500095,1550796431,555585197794656256,'F'),(552637636020404224,'birdbirdbirdbird#8186',1571284151,1551829479,555585197794656256,'F'),(554038476274925578,'Слам#8905',1576935005,1552163466,555585197794656256,'F'),(554511718282297344,'jdenali#2795',1554269845,1552276295,555585197794656256,'F'),(555330436763484162,'jeb#3009',1574769413,1552471493,555585197794656256,'F'),(555573031544684546,'apexree123#8750',1554496486,1552529332,555585197794656256,'F'),(556639291149647872,'crazyrussian#3680',1570888011,1552783548,555585197794656256,'F'),(559110374281183244,'tandra88#6940',1553372837,1553372700,555612040602058752,'F'),(559111038151163915,'victoria.taylo1#3887',1553373049,1553372859,555585197794656256,'F'),(560900836264509441,'MangoN#8254',1553799751,1553799580,555585197794656256,'F'),(561601906250874881,'Felony Steve#1992',1571328884,1553966728,555585197794656256,'F'),(562267868197027840,'├åtherTheGod#7792',1554295381,1554125506,555585197794656256,'F'),(565612152426332173,'manon | hehe#1716',1575635078,1554922845,555585197794656256,'F'),(565888805173985280,'lildemongrl#5273',1574506962,1554988804,555585197794656256,'F'),(566828472824234014,'insomniacwriter#1959',1557078777,1555212839,555585197794656256,'F'),(567914494093688847,'DServin#1983',1564365771,1555471766,555585197794656256,'F'),(568113868531040272,'tava#2101',1576705456,1555519301,555585197794656256,'F'),(569920833389330452,'2022alindsay#8677',1577444569,1555950115,555585197794656256,'F'),(571781551445246002,'hi or nah#3892',1564111790,1556393745,555585197794656256,'F'),(573071735545397258,'random#0187',1573605502,1556701348,555585197794656256,'F'),(573505209582747658,'desuver???#8478',1564583936,1556804697,555585197794656256,'F'),(577302328835702795,'Davster0514#2902',1577648658,1557710000,555585197794656256,'F'),(578192467044859914,'Apex Alex#9512',1579909413,1557922226,555585197794656256,'F'),(579246671121350668,'caitlinadian#5869',1565849788,1558173568,555585197794656256,'F'),(583165779181174786,'Zoe Green (CG5_Fangirl)#2101',1574325685,1559107956,555585197794656256,'F'),(583723198521278494,'jhenacastr#7561',1559240950,1559240855,555585197794656256,'F'),(587137097257713673,'Jefferson97#1212',1571752754,1560054792,555585197794656256,'F'),(587766381702021120,'kyumage#1894',1580973281,1560204825,555585197794656256,'F'),(589204003615801377,'arnie#3745',1569194588,1560547581,555585197794656256,'F'),(590087880160837643,'spf BURNED 1000#7143',1560762311,1560758313,555585197794656256,'F'),(590697591549984799,'Toothbat Eater#9500',1575896931,1560903680,555585197794656256,'F'),(591496826453098519,'OhCheezus#3334',1569010933,1561094232,555585197794656256,'F'),(591718427085897738,'banditø at the disco#5160',1580840833,1561147066,555585197794656256,'F'),(592726221733756958,'capri sun™#1131',1574710852,1561387343,555585197794656256,'F'),(593031053313179670,'???????#3143',1567151582,1561460021,555585197794656256,'F'),(593143295841140746,'MUSTAFAUNALCAGRİ#0377',1580587105,1561486781,555585197794656256,'F'),(596526003397066752,'humanoftheearth#4899',1575865375,1562293282,555585197794656256,'F'),(596864919337697280,'lamaneh#9338',1570747134,1562374085,555585197794656256,'F'),(597536017175543840,'thelovelyyhype#3060',1571473184,1562534088,555585197794656256,'F'),(597827846139805726,'Yo_I\'m_Hell_Sent',1562620636,1562603665,555585197794656256,'F'),(597852288001769491,'PotatoPae#4210',1562610989,1562609493,555585197794656256,'F'),(597931595437178919,'•CG5•#7776',1574226871,1562628401,555585197794656256,'F'),(598534309602787360,'Legendssss#0347',1565887613,1562772099,555585197794656256,'F'),(598627506886803479,'Zander#6830',1572350895,1562794319,555585197794656256,'F'),(599933472634830897,'Rio Mencé#9101',1563549775,1563105686,555585197794656256,'F'),(600080682328522781,'aweeshwa#1024',1563141046,1563140783,555585197794656256,'F'),(600624798514675744,'_Coward_24#1650',1574681228,1563270511,555585197794656256,'F'),(601090272075710473,'HeyKay#1233',1565549123,1563381488,555585197794656256,'F'),(601161928810692618,'blue_purple#5764',1563413919,1563398572,555585197794656256,'F'),(602559265206566922,'oh.no.ive.contracted_polio#2197',1565755255,1563731723,555585197794656256,'F'),(602750612353843221,'RilleyTheWereWolf#3496',1574135166,1563777344,555585197794656256,'F'),(609819989951643651,'H. C.#8962',1565466269,1565462815,555585197794656256,'F'),(610183004744318982,'TestAccount1#5801',1565549461,1565549364,555585197794656256,'F'),(611325120631406612,'karis#4558',1565821759,1565821666,555585197794656256,'F'),(611421726114578441,'grandsonMexi#2764',1565845286,1565844699,555585197794656256,'F'),(611896071395737642,'sleepysclmsft#5899',1568368174,1565957791,555585197794656256,'F'),(613119657632727052,'nclancys#8878',1566747199,1566249517,555585197794656256,'F'),(613371332431839265,'Spoonzy#3664',1575979677,1566309521,555585197794656256,'F'),(616060705816444958,'25•big h•25#4931',1575773064,1566950718,555585197794656256,'F'),(617854785269530655,'-/-#1893',1569290266,1567378459,555585197794656256,'F'),(619586602133487655,'knj#6132',1567862259,1567791357,555585197794656256,'F'),(622202007218028556,'?~PJ~?#7704',1578544266,1568414918,555585197794656256,'F'),(623560479532515425,'oog#2312',1568791029,1568738803,555585197794656256,'F'),(624273030398476327,'o\'hara#8469',1569437530,1568908688,555585197794656256,'F'),(624750566240813066,'*~.???.~*#5086',1574121628,1569022542,555585197794656256,'F'),(627081819728248853,'HOESMAD#7012',1575635428,1569578356,555585197794656256,'F'),(627661241409601540,'caelum9#6033',1571177550,1569716501,555585197794656256,'F'),(629283099154317332,'ramengranny#6158',1570224734,1570103182,555585197794656256,'F'),(632185177941999636,'Liza ♡#1112',1575635077,1570795091,555585197794656256,'F'),(632731498663116810,'LittlePebbleBoy#3332',1570925370,1570925344,555585197794656256,'F'),(633371029602959360,'أحبك#5861',1575233673,1571077820,555585197794656256,'F'),(635000818591858710,'agent_0range#1503',1575916719,1571466392,555585197794656256,'F'),(635261993619685389,'WilleyMcNilley#6204',1577027898,1571528661,555585197794656256,'F'),(637345431780589598,'underscorejosh#8338',1572967007,1572025392,555585197794656256,'F'),(639846972320251905,'justJulia#3089',1572622385,1572621805,555585197794656256,'F'),(640300531516178433,'✖✖#1952',1575637884,1572729942,555585197794656256,'F'),(642568559591030784,'kami not kaze#7265',1578528762,1573270682,555585197794656256,'F'),(646056082166251533,'Ozimek#5021',1574103627,1574102173,555585197794656256,'F'),(647407433349857290,'SVKFreezyManTv_666#7594',1580331723,1574424360,555585197794656256,'F'),(653364293156470834,'soph#4735',1575845444,1575844586,555585197794656256,'F'),(658910783329009714,'Sky2217#8296',1577429313,1577166972,555585197794656256,'F'),(659147154484363265,'tylerrjoseph21#4614',1577224272,1577223327,555585197794656256,'F'),(661300707613343774,'Tofffeee#6458',1577736785,1577736775,555585197794656256,'F'),(663753721313886218,'Jasmine49#3329',1578322135,1578321619,555585197794656256,'F'),(670429338897874976,'Nicole#9287',1579913334,1579913210,555585197794656256,'F'),(670751911166738475,'SatanicSnot#1640',1580966822,1579990117,555585197794656256,'F'),(675082368096272385,'Hėãťhěñ#1883',1581032853,1581022578,555585197794656256,'F');
/*!40000 ALTER TABLE `Users` ENABLE KEYS */;
UNLOCK TABLES;

--
-- Table structure for table `Warnings`
--

DROP TABLE IF EXISTS `Warnings`;
/*!40101 SET @saved_cs_client     = @@character_set_client */;
/*!40101 SET character_set_client = utf8 */;
CREATE TABLE `Warnings` (
  `User` bigint(20) NOT NULL,
  `Reason` varchar(200) NOT NULL,
  `Date` bigint(20) NOT NULL,
  `WarnedBy` bigint(20) NOT NULL,
  `WarnID` bigint(20) NOT NULL AUTO_INCREMENT,
  PRIMARY KEY (`WarnID`),
  KEY `User` (`User`),
  KEY `WarnedBy` (`WarnedBy`),
  CONSTRAINT `Warnings_ibfk_1` FOREIGN KEY (`User`) REFERENCES `Users` (`ID`) ON UPDATE CASCADE,
  CONSTRAINT `Warnings_ibfk_2` FOREIGN KEY (`WarnedBy`) REFERENCES `Users` (`ID`) ON UPDATE CASCADE
) ENGINE=InnoDB DEFAULT CHARSET=utf8;
/*!40101 SET character_set_client = @saved_cs_client */;

--
-- Dumping data for table `Warnings`
--

LOCK TABLES `Warnings` WRITE;
/*!40000 ALTER TABLE `Warnings` DISABLE KEYS */;
/*!40000 ALTER TABLE `Warnings` ENABLE KEYS */;
UNLOCK TABLES;
/*!40103 SET TIME_ZONE=@OLD_TIME_ZONE */;

/*!40101 SET SQL_MODE=@OLD_SQL_MODE */;
/*!40014 SET FOREIGN_KEY_CHECKS=@OLD_FOREIGN_KEY_CHECKS */;
/*!40014 SET UNIQUE_CHECKS=@OLD_UNIQUE_CHECKS */;
/*!40101 SET CHARACTER_SET_CLIENT=@OLD_CHARACTER_SET_CLIENT */;
/*!40101 SET CHARACTER_SET_RESULTS=@OLD_CHARACTER_SET_RESULTS */;
/*!40101 SET COLLATION_CONNECTION=@OLD_COLLATION_CONNECTION */;
/*!40111 SET SQL_NOTES=@OLD_SQL_NOTES */;

-- Dump completed on 2020-02-10 18:35:06
